abaddon,alchemist,ancient-apparition,anti-mage,axe,bane,batrider,beastmaster,bloodseeker,bounty-hunter,brewmaster,bristleback,broodmother,centaur-warrunner,chaos-knight,chen,clinkz,clockwerk,crystal-maiden,dark-seer,dazzle,death-prophet,disruptor,doom,dragon-knight,drow-ranger,earth-spirit,earthshaker,elder-titan,ember-spirit,enchantress,enigma,faceless-void,gyrocopter,huskar,invoker,io,jakiro,juggernaut,keeper-of-the-light,kunkka,legion-commander,leshrac,lich,lifestealer,lina,lion,lone-druid,luna,lycan,magnus,medusa,meepo,mirana,morphling,naga-siren,natures-prophet,necrophos,night-stalker,nyx-assassin,ogre-magi,omniknight,outworld-devourer,phantom-assassin,phantom-lancer,phoenix,puck,pudge,pugna,queen-of-pain,razor,riki,rubick,sand-king,shadow-demon,shadow-fiend,shadow-shaman,silencer,skywrath-mage,slardar,slark,sniper,spectre,spirit-breaker,storm-spirit,sven,templar-assassin,terrorblade,tidehunter,timbersaw,tinker,tiny,treant-protector,troll-warlord,tusk,undying,ursa,vengeful-spirit,venomancer,viper,visage,warlock,weaver,windranger,witch-doctor,wraith-king,zeus
,-1.06,-1.82,-2.96,0.57,-0.08,1.43,0.53,-1.16,1.08,0.14,-0.94,-2.38,0.49,0.54,-0.96,0.1,-0.6,-0.07,-1.68,-1.26,-0.58,-0.15,-3.26,-0.21,-1.3,-1.1,-1.05,-0.7,-0.9,-0.57,-0.07,-1.0,0.44,0.54,-1.29,-1.63,-1.24,1.48,-2.19,-0.77,0.98,-0.07,-1.78,1.47,-1.31,-1.23,-0.94,0.73,-0.92,-0.24,-1.11,-1.1,0.29,-0.55,-0.57,-1.49,-1.78,0.29,-0.41,1.35,-2.21,-2.16,-0.43,-0.92,0.44,0.18,1.81,-0.05,0.24,-1.93,-1.64,-1.45,-1.94,-2.2,-0.14,0.94,0.01,1.76,0.87,-1.0,-1.69,0.52,0.32,0.47,-0.63,-1.05,0.33,0.55,-0.88,-1.38,-0.73,-0.9,-0.71,-0.3,-2.8,-1.23,0.45,1.22,-1.04,0.41,-1.94,-1.49,-1.09,-0.5,0.54,-0.58
-0.27,,-2.12,-0.87,-1.04,-1.92,-0.06,-1.72,-1.38,-3.31,-0.48,-1.46,-1.17,0.01,-2.32,-1.58,-3.26,0.76,-1.98,0.05,-1.83,-0.56,-0.14,1.07,-1.84,-3.22,0.92,0.84,1.32,1.39,-1.67,0.2,-1.26,-1.06,-1.48,0.53,-1.36,-0.51,-1.97,-0.89,0.91,-0.15,-0.78,-2.33,-2.84,-1.37,-1.5,-0.9,-2.11,-1.97,-0.2,-0.33,-1.75,-0.95,-0.9,-0.89,0.53,0.49,-2.22,-1.48,-0.68,-1.45,-1.55,-3.21,-0.54,1.58,0.25,-1.08,0.34,-0.88,-1.61,-4.21,-0.57,-0.03,-0.59,-1.08,-0.29,-0.94,-1.06,-2.3,-2.58,-1.44,1.75,-1.82,-0.76,-1.76,-1.02,-2.3,-0.27,-0.56,1.57,-0.52,-0.81,-3.18,-1.31,-0.1,-3.76,-2.3,-0.13,-2.93,-0.84,-0.51,-0.92,-0.66,-1.51,-0.35,0.06
0.68,0.81,,-3.88,1.94,-1.01,-0.28,-0.94,-0.99,-1.72,-2.46,1.41,-1.21,-0.6,-1.35,-0.65,-3.8,-0.06,-0.15,0.94,2.74,-0.79,0.98,-0.92,0.8,-2.27,-2.22,-0.36,-0.73,-1.56,-0.14,-0.02,-2.87,0.02,-0.16,-0.67,-0.65,0.72,-2.87,-0.14,0.06,0.55,0.74,-0.25,-0.32,-0.68,-0.19,-1.2,-1.06,-3.32,-0.35,-0.38,0.32,-1.63,0.95,-0.46,-2.32,2.54,-1.51,-1.51,-0.03,2.34,0.16,-1.01,-1.97,-1.12,-0.31,-1.33,-0.3,-0.83,-0.44,-2.74,-0.7,-0.06,-1.3,-0.92,-0.3,-0.61,-1.5,0.8,-1.14,-1.25,-1.91,-1.69,-1.68,-1.05,-1.45,-1.29,0.21,0.59,-1.96,-0.18,0.11,-0.27,-1.59,0.8,-2.45,-0.25,0.2,-1.59,-1.54,-0.58,-2.6,-0.74,-0.18,-1.4,-2.71
1.42,-0.79,2.47,,-2.56,-2.02,0.13,-2.03,-6.56,-1.02,0.73,-1.38,-1.84,-1.29,-1.2,-1.06,-3.35,3.39,-3.44,1.69,-1.2,-1.77,-0.87,0.91,-2.07,-4.42,0.92,-0.79,0.57,0.18,-1.79,1.34,-2.12,-0.57,-3.48,-0.38,-1.43,-0.66,-0.62,-0.22,-0.57,-3.85,-0.06,-0.19,-0.78,-0.85,-2.79,-2.44,-2.14,-2.11,-0.05,1.03,-3.52,0.17,1.72,-0.02,1.66,0.52,-2.28,-0.58,-0.46,-1.44,-4.21,-5.29,1.26,1.09,0.3,-0.92,2.17,0.45,-0.48,-5.01,-0.57,-0.75,-2.08,-1.06,-2.36,0.02,-0.05,-3.97,1.06,-2.02,1.25,-3.5,0.57,-2.8,-2.67,-2.83,0.49,-0.61,2.86,-2.56,-1.19,-4.31,-0.16,2.15,-3.88,-2.68,-0.12,-1.1,-0.17,-0.81,-1.01,-1.21,-1.61,2.84,1.21
-2.07,-0.6,-3.35,0.75,,-0.5,-2.43,0.8,-0.51,0.1,-0.5,-0.53,3.04,-0.29,0.61,-0.47,0.74,-2.82,-0.73,-2.28,0.78,-1.96,-1.94,-2.7,-0.83,-0.59,-0.42,-1.56,-1.77,-1.03,-0.7,-0.14,1.18,-2.88,0.43,-0.5,0.17,-2.19,-0.53,-0.55,-2.11,-0.45,-1.14,-3.0,-1.14,-0.97,-0.93,-0.65,-1.93,3.25,-1.13,-0.76,0.68,-0.62,-0.38,0.69,0.0,-2.91,0.02,0.74,-1.34,-1.23,-2.36,1.45,1.04,-2.54,-0.6,-0.53,-1.09,-1.05,-2.21,0.41,0.65,0.31,-0.86,-0.75,-0.57,-3.17,-1.9,-0.77,-0.79,-0.84,-1.1,-0.19,0.18,-1.81,1.77,1.16,-1.34,-3.99,0.1,-1.21,-0.29,0.63,0.54,0.53,-0.86,-0.98,-3.74,-2.66,3.13,-2.48,0.49,-0.21,-2.7,-1.19,-2.48
-1.34,0.38,-0.45,0.25,-1.2,,-0.18,-0.83,-0.77,-0.08,-1.24,-0.64,-1.15,-1.04,-2.83,-0.22,0.98,-0.3,-0.81,-0.94,-0.35,-2.54,-0.47,-0.4,-1.04,-2.25,-0.37,-1.91,-1.44,0.4,0.12,-1.48,0.62,-1.49,-1.6,0.26,0.96,-0.83,-0.97,-0.01,-1.62,-0.15,-0.44,-0.47,-0.06,-1.06,-1.33,-0.8,-1.13,-1.11,-1.7,-0.89,-3.79,-0.75,-0.68,-2.16,-0.08,-1.28,-0.76,-1.13,-1.4,-0.11,-1.0,0.03,-2.94,0.59,-0.56,-1.68,-1.08,0.19,-2.89,-1.79,-0.25,-2.66,-0.36,0.3,-1.21,-1.19,0.08,-0.95,-1.5,-1.2,-0.53,-1.82,0.22,-2.02,-1.0,-1.3,-2.19,0.33,1.79,-1.5,-1.74,0.48,-1.78,-1.61,-1.38,-1.58,-0.72,-0.27,-0.66,-1.49,0.61,0.42,-1.52,-1.09,-1.59
-2.56,-1.36,-0.99,-1.67,0.95,-1.29,,0.37,-2.27,-0.66,-1.33,-0.84,0.87,-1.1,0.08,-0.62,-1.76,1.03,-0.71,0.36,-0.25,-1.84,-0.98,-0.35,-1.13,-2.43,0.72,-0.37,-0.07,-0.99,-0.77,-1.49,-1.82,-0.65,-4.32,0.32,-1.76,-0.63,-2.58,-0.07,0.61,-0.03,-1.39,-1.48,-1.67,-0.56,-0.34,-0.92,-1.23,-0.23,-0.81,-1.59,0.19,-0.78,-1.0,-0.82,0.56,-1.56,-0.91,-0.16,-1.35,-1.52,-0.77,0.61,-1.19,-1.66,-0.52,0.65,-1.0,-1.94,-1.23,-0.88,-0.39,0.53,-0.3,-1.05,-1.15,-0.46,-0.86,-0.13,-1.11,-2.52,-1.04,-0.44,-1.78,-0.87,3.27,-0.8,-1.21,-0.01,0.44,0.72,0.06,0.59,0.2,-1.99,-0.78,-1.16,-2.25,-4.33,-1.79,-0.05,-2.72,-0.88,-2.03,-1.39,-2.48
-1.78,0.42,-0.3,0.53,-2.25,-0.69,-1.81,,-0.1,-0.01,-1.03,-2.55,0.6,-2.31,-1.07,0.02,0.31,-1.28,-1.29,-2.72,-1.11,-0.57,-1.18,-0.6,-1.56,-1.05,-0.15,-2.41,-1.25,-0.3,-0.28,-0.21,-0.53,-2.61,-0.3,-0.31,-1.07,-1.84,-0.53,-0.96,-2.0,-0.19,0.88,-2.86,0.88,-1.64,-0.75,-0.34,-0.05,0.36,-1.75,-1.66,-2.25,-0.37,-0.85,-1.47,-0.85,-1.45,-0.53,0.18,-0.72,-1.51,-0.71,-0.84,-0.9,0.32,-0.48,-0.17,1.2,-1.18,-1.17,-1.06,-0.93,-2.0,-1.1,-0.86,-0.29,-0.76,-0.35,-0.12,-0.99,-1.2,-0.78,-0.61,0.06,-1.4,0.18,-0.76,-2.67,-2.07,0.29,-0.93,-0.78,-0.56,-0.3,-1.05,-1.08,-0.99,0.79,-1.64,1.12,-1.78,-0.9,-0.38,-1.49,0.05,-1.6
-0.57,-0.46,-0.55,4.6,-1.64,-1.25,0.55,-1.61,,0.93,-1.51,0.71,-0.92,0.88,-2.92,-1.35,1.29,-0.53,-1.96,0.59,-2.65,1.13,-0.47,1.72,-2.25,-2.08,1.28,0.43,0.05,2.05,-2.12,-0.61,-0.72,-0.39,-1.84,1.51,-1.5,-0.85,0.79,-0.72,-0.54,-2.06,-0.63,-1.21,-1.17,-1.71,-2.52,-1.21,-1.48,0.56,0.56,-1.31,-5.46,2.21,0.65,-1.83,0.88,-1.92,-1.12,1.38,-0.66,-1.46,-0.48,-1.89,0.2,1.74,0.5,-1.14,1.0,0.97,-0.62,-0.42,-0.36,0.38,-0.57,-0.69,-2.27,-0.11,0.32,-1.49,3.63,-1.42,1.85,-1.68,0.13,-1.82,-0.45,-3.48,1.56,2.25,0.84,-1.74,-0.88,-3.09,-1.43,0.49,-1.96,-2.75,-0.49,-2.1,-1.54,-1.6,3.98,0.07,-2.26,-3.05,-0.2
-2.61,1.61,0.27,-0.91,-1.98,-1.77,-0.96,-1.57,-3.3,,-0.68,-0.79,1.56,-2.26,-2.54,-1.15,2.07,-1.4,-2.51,-1.36,-1.67,0.67,-0.1,0.8,-2.3,-0.69,-0.58,-2.05,-0.1,-0.45,-1.36,-0.93,-1.74,-0.56,-2.78,1.33,-1.2,-0.63,-1.15,0.03,0.98,-3.01,-0.67,-0.99,-0.68,-1.48,-2.4,0.41,-1.47,-0.07,-1.67,-0.09,-3.8,1.77,-1.18,-3.43,1.3,-2.1,-0.78,-0.12,-2.27,-3.17,-1.57,-1.98,0.58,-1.13,-1.38,-1.29,-0.19,-1.72,-2.2,1.1,-0.34,-0.85,0.43,0.86,-1.38,1.27,-0.01,-3.63,-1.83,-0.43,-0.09,-2.52,-1.56,-1.95,1.31,-2.19,-2.33,0.19,-0.62,-2.6,-1.79,-1.49,-1.33,1.07,-1.61,-2.06,-1.92,-1.19,-1.0,-0.29,1.35,-0.9,0.13,-1.78,-3.25
-1.28,-0.71,1.4,-2.01,-0.81,-0.0,0.28,-0.14,-0.01,-0.66,,-1.64,-0.19,-1.18,0.74,-0.72,-0.64,0.59,-0.25,-1.89,-0.58,-3.25,0.31,-2.26,-0.54,-0.13,-0.6,-0.96,0.1,-0.01,0.41,-0.82,-0.38,0.14,1.6,0.71,-0.8,-0.16,-1.28,-0.32,1.18,-1.7,-0.39,-0.8,-0.38,-0.76,-0.73,1.74,-0.38,-0.15,-0.52,1.09,0.24,-1.35,-0.65,0.07,-0.74,-1.97,-0.94,-0.66,0.01,-3.45,-0.26,0.6,-1.61,-1.36,-0.75,0.42,-1.05,-2.01,-1.76,-1.17,-0.54,-2.21,0.15,-0.3,-1.14,-1.71,-1.56,-0.16,-0.4,-1.8,0.24,-0.34,-0.91,-1.02,0.73,0.27,-0.88,-2.21,-1.59,0.32,-0.48,0.33,-0.43,-3.37,-0.11,0.35,-0.24,0.71,-0.11,-0.74,-2.83,-0.07,0.44,0.67,-2.05
-0.31,0.17,-2.5,0.01,-0.91,-0.71,-0.41,1.39,-2.29,-0.66,0.54,,1.92,0.41,0.57,-0.1,-0.35,-1.79,-0.89,-0.75,-2.05,-2.85,-0.48,-1.72,-2.17,-2.46,0.36,-0.85,-0.59,-0.73,0.34,0.18,-1.12,-2.09,0.86,-0.24,0.79,-1.17,-0.24,-1.67,-0.24,-2.19,-0.96,-2.16,1.13,-1.09,-1.43,0.94,-1.01,1.28,-0.18,-1.03,-0.53,-1.53,0.3,-0.64,-0.41,-4.62,0.02,-0.47,-0.78,-1.79,-2.32,1.0,-0.17,-1.39,0.0,1.39,-0.42,-1.05,-3.85,1.13,1.43,0.26,-0.91,-1.19,-0.42,-0.15,0.08,-2.17,-0.21,-1.87,-0.41,-0.02,-0.73,-1.75,0.71,-1.29,0.98,-1.47,-0.13,1.79,-0.35,-0.28,0.36,2.89,-0.51,-1.15,-3.43,-3.4,2.17,-0.17,-0.2,-0.65,-1.62,0.01,-1.34
0.39,-0.65,-0.48,-0.15,-5.01,-0.93,-2.67,-2.26,-1.56,-3.7,-1.35,-3.55,,-2.48,0.33,0.9,1.53,0.9,-3.46,-3.62,-1.43,-0.3,-0.53,-0.87,-1.47,0.93,1.44,-4.71,-0.59,-1.09,-1.62,-0.43,0.39,-1.69,0.94,-0.08,0.13,-1.51,1.26,-2.48,-1.4,-4.23,-0.58,0.64,0.89,-2.39,-1.96,0.34,1.5,0.81,-1.85,1.0,-4.82,0.91,-0.87,-4.5,0.42,-1.25,-0.03,-0.24,-1.42,-1.61,-0.25,-1.08,-0.87,-0.25,-0.77,0.97,1.26,-1.31,-0.98,0.46,-0.63,-4.09,-0.61,-1.19,-0.63,0.77,0.79,-5.64,-1.78,-0.63,0.61,-1.35,-1.69,-1.2,0.76,0.36,-2.86,-3.16,-0.95,-3.95,-0.31,-1.62,-0.75,0.57,1.21,-1.19,0.33,0.77,0.57,-0.11,0.62,-1.22,1.1,1.09,-0.76
-1.54,-1.1,-0.41,0.02,-0.99,-0.26,-0.05,1.19,-2.34,0.93,0.18,-1.47,1.01,,1.12,-0.4,0.09,-2.11,-0.49,-0.7,-1.14,-2.19,-0.97,-0.73,-0.65,-0.01,-1.08,-1.23,-1.41,-1.91,0.3,-1.03,0.37,-0.44,-1.66,-0.06,-0.37,-1.68,-3.02,-0.28,-1.46,0.52,-0.61,-0.95,-1.5,0.27,0.84,0.14,-0.41,0.43,0.44,-0.15,0.85,-0.52,0.32,0.81,0.34,-3.31,0.53,0.1,-0.46,-2.17,-1.17,2.3,0.42,-1.27,0.03,-0.04,0.07,0.15,-1.74,-0.16,-0.53,0.56,-0.28,-0.72,-0.26,-2.41,0.62,-0.36,0.94,0.68,-0.95,0.01,1.04,-1.73,-0.64,1.55,-1.73,-2.01,0.79,0.21,-1.97,1.42,1.52,-4.02,0.43,-0.31,-2.04,-2.96,-0.02,-1.2,-0.52,0.75,-2.75,-2.02,-2.17
-1.93,0.83,0.09,-0.42,-2.28,1.22,-1.51,-0.39,0.98,0.8,-2.01,-1.76,-2.33,-2.22,,0.6,0.58,-0.23,-1.4,-2.79,-1.31,-0.58,-1.9,1.72,-1.43,-0.19,0.33,-3.43,-3.45,-1.93,-0.25,-3.17,0.61,-1.8,2.22,-0.46,-0.86,-3.14,0.37,-1.45,-3.66,-0.22,-2.23,-2.38,0.95,-0.84,-0.46,0.08,-0.18,0.77,-2.27,-3.55,-3.09,-0.34,-0.47,-2.87,1.27,-1.34,-0.3,0.13,1.3,-3.46,-1.75,-1.01,-3.31,-1.29,-0.81,1.24,-0.38,-0.9,-2.18,-1.62,0.18,-4.39,0.58,-0.99,-0.76,-1.54,1.98,-0.37,-0.38,-0.03,-0.36,0.14,0.0,-4.03,0.32,-0.94,-3.12,-2.5,1.73,-2.26,-0.86,-1.29,0.26,-2.85,-0.17,-0.51,-1.26,1.03,0.71,-3.3,-1.57,-0.06,-1.95,0.38,-0.6
-0.65,-0.02,-0.81,-0.91,-1.5,-1.55,-1.22,-1.49,-0.85,-0.67,-0.46,-1.22,-2.87,-0.96,-2.67,,-1.92,1.48,-2.19,-0.81,-0.8,-0.74,-0.12,0.65,-1.45,-3.43,-0.06,-1.52,-0.41,0.95,-1.91,-0.07,-1.39,-1.61,-2.16,0.64,0.07,-1.45,0.51,-0.22,-0.87,-1.11,0.43,-1.8,-2.31,-2.92,-1.78,0.36,0.04,-0.82,-0.87,-0.67,-1.04,1.82,0.64,-1.78,-0.44,0.24,-2.47,-0.97,-1.36,0.34,-0.92,-2.56,-1.78,0.68,0.35,-0.74,1.04,-1.12,-1.89,-3.31,-0.29,-2.02,-0.68,0.16,-0.5,0.95,-0.63,-1.83,-2.56,-1.4,2.37,-2.13,-0.37,-2.95,-1.11,-2.69,-0.79,-1.46,1.03,-1.16,-0.94,-2.6,-2.35,-0.83,-3.29,-1.04,1.25,-1.3,-1.96,-1.15,-0.92,-0.31,-1.02,-0.12,-0.13
-1.86,1.4,2.26,1.41,-2.78,-2.82,0.06,-1.95,-3.69,-4.17,-0.8,-1.17,-3.85,-1.37,-2.44,-0.14,,1.13,-1.86,0.49,-0.61,-0.12,0.96,1.39,-2.16,-3.44,0.63,0.37,1.23,3.88,-1.95,-0.05,0.23,-0.95,-1.31,1.32,0.04,-0.12,1.09,-1.34,0.41,-1.64,-0.25,-0.98,0.82,-1.43,-1.94,-0.73,-1.54,-0.59,0.45,-0.52,-1.33,0.56,0.14,-2.6,0.55,-0.23,-2.79,-0.89,-1.84,0.28,-0.27,-3.84,-2.73,1.85,0.23,-1.53,0.4,-0.23,-1.76,-4.1,1.07,-1.34,-0.19,0.47,-0.62,0.36,0.21,-2.81,-1.57,-1.51,0.82,-3.46,0.14,-1.67,-2.06,-2.38,0.26,1.69,0.77,-1.06,-1.04,-2.45,-0.73,2.11,-2.89,-2.44,0.01,-0.69,-1.52,0.54,0.28,-1.01,0.62,-2.09,-2.09
-0.56,-1.98,-1.08,-4.77,1.5,-1.02,-2.16,0.2,-0.88,0.06,-1.54,0.77,-2.47,1.24,-1.02,-3.0,-2.6,,0.67,-0.47,-1.98,-0.17,-0.47,-0.77,-0.68,-1.07,-2.7,2.51,0.03,-1.31,-0.74,-1.06,-2.16,-0.61,-5.67,-0.72,-2.0,0.07,-3.26,-0.2,-0.05,0.51,0.55,-1.09,-3.36,-0.52,-0.12,-1.68,0.36,-2.79,0.73,-0.76,-1.82,-1.35,-0.21,0.97,-0.49,-2.14,0.13,0.31,0.28,-1.65,-1.95,-0.25,-1.94,-3.56,-0.26,-0.08,-0.68,-1.69,-0.41,-2.51,-0.26,-0.18,-1.62,-0.34,-1.32,-0.6,-1.32,1.28,0.34,1.19,-2.34,0.75,-1.89,-0.75,-2.54,-2.69,1.05,-1.36,0.55,0.39,-1.53,-1.48,-1.58,-3.18,-3.48,0.02,-0.68,-3.4,-3.58,-1.37,-0.05,0.83,-1.35,-1.81,-2.24
-1.33,0.5,-1.26,1.79,-0.87,-0.73,-0.71,-0.11,0.1,0.86,-1.03,-0.41,1.66,-0.71,-0.14,0.56,0.12,-1.93,,-0.69,-0.22,-1.56,-1.78,-0.61,-0.13,-0.44,-1.68,-2.09,-1.33,-0.92,0.43,-1.78,-0.32,-1.33,-1.6,-0.18,-0.5,-1.05,-2.36,0.46,-0.99,0.59,-0.68,-1.22,-0.97,-1.53,-0.84,1.04,-0.4,0.7,-2.23,-0.21,-0.9,-1.58,-0.55,0.36,0.19,-0.13,0.41,-1.19,-1.13,0.04,-0.11,1.6,1.29,-2.2,-1.58,-1.36,-1.7,-0.87,-1.87,0.07,-1.79,-1.48,-0.9,-0.31,-1.5,-0.3,-1.7,0.57,-0.16,-1.32,-0.55,-0.34,-1.04,-1.23,1.03,1.24,-2.2,-0.37,-0.29,-0.4,-0.49,1.58,-1.34,-2.2,0.87,-0.71,-0.98,-0.85,-0.98,-1.0,-0.53,-0.61,-2.05,-0.62,-3.02
0.45,-1.4,-2.2,-3.2,0.83,-0.43,-1.73,1.49,-2.23,-0.06,0.79,-0.47,2.01,-0.39,1.29,-0.76,-2.08,-0.65,-0.62,,0.8,-2.65,-1.61,-0.82,0.06,-3.03,-0.31,-1.79,0.25,-2.21,-1.52,-1.94,-1.81,-1.39,-3.47,-1.0,-0.39,-0.92,-1.53,-2.05,-0.56,-0.2,-1.79,-1.19,-0.2,-2.02,-0.73,-0.91,-0.88,-0.23,-0.42,-0.21,0.79,-0.42,0.48,1.3,-1.89,-1.37,-0.46,-0.95,-0.21,1.39,-1.34,0.34,1.98,-1.72,-0.24,-1.44,-1.67,-1.18,-1.16,-0.9,-0.28,0.06,-0.04,-0.9,-1.4,-0.91,-0.95,-0.54,0.63,-3.17,0.37,0.06,-0.62,-2.0,3.91,1.56,0.65,-1.76,-1.07,-0.37,2.1,-1.09,-0.07,0.25,-1.58,-0.04,-0.78,0.43,-0.88,-1.78,-1.22,-0.77,-1.76,0.89,-2.5
0.11,0.51,-3.86,-0.12,-2.07,-0.91,-1.03,-0.19,1.15,0.24,-0.48,0.95,-0.23,0.18,0.13,-0.72,-0.86,0.93,-1.08,-1.96,,-2.28,-1.23,-1.16,-0.53,-2.5,-1.53,-1.94,-1.19,-0.06,-0.44,-2.12,-1.81,-2.62,1.17,-0.58,0.09,-1.68,1.13,-1.1,-1.85,2.08,-1.06,-2.37,1.72,-1.51,-0.92,-0.81,-1.75,-0.31,-2.2,-1.35,-1.14,-0.89,-0.97,-0.48,-0.85,1.0,0.27,-0.92,-0.01,0.6,-1.51,0.02,0.11,-0.72,-1.3,0.36,-1.69,-1.28,-2.36,-1.0,-0.22,-2.46,-1.71,-1.55,-0.72,-1.63,-0.58,-0.13,0.33,-0.85,1.13,0.33,0.25,-2.11,0.59,-1.38,-1.75,-0.76,-0.79,0.31,1.23,-0.66,-0.04,-0.72,-1.8,-1.5,-1.83,-0.54,0.35,-2.16,-0.56,-0.24,-2.43,1.15,-0.89
-0.66,-0.66,-0.3,0.33,0.46,1.12,0.65,-0.65,-2.88,-3.03,2.23,1.72,-1.46,1.15,-0.77,-0.86,-1.56,-0.89,0.21,1.51,1.16,,0.59,1.59,-1.68,-4.59,0.42,0.17,-0.31,0.41,-0.5,1.53,1.01,-0.29,-1.68,-0.38,-0.53,1.19,-0.76,-1.73,-0.3,-0.36,0.19,-0.89,0.44,-0.43,0.13,-1.67,-0.81,-0.92,1.38,-0.43,-0.71,-1.0,1.3,1.28,-1.25,0.05,-0.93,0.93,-0.31,1.9,1.23,-0.08,-0.36,0.13,0.78,-0.51,-1.0,0.24,-1.22,-1.21,0.58,0.31,-0.4,-1.07,1.2,0.72,1.16,0.49,-1.17,-4.19,-0.54,-2.07,1.13,-0.83,-0.36,-0.24,2.21,2.51,-1.03,0.84,2.25,0.34,0.04,1.42,-1.21,-1.58,-0.79,-1.97,0.01,0.45,0.33,-1.35,-0.67,-1.05,-1.52
-1.03,-1.07,-2.15,-0.45,0.65,-0.78,-0.2,-0.09,-1.03,-1.26,-1.31,-0.58,-1.08,0.04,0.68,-1.33,-2.38,-0.57,0.5,0.49,0.2,-1.67,,-0.5,-0.07,-2.05,-1.98,-0.11,-0.75,0.53,-0.78,0.05,-1.81,-0.61,-2.12,-0.73,-1.7,-0.32,-0.97,-1.24,-1.02,0.33,-0.23,-1.15,-0.65,-0.53,0.29,-0.58,-0.46,-1.47,0.29,0.23,2.04,-1.48,0.3,1.02,-2.73,0.71,0.09,-0.13,-0.41,0.84,1.43,-0.89,-0.56,-0.77,0.13,-0.85,-1.59,-0.13,-2.26,-1.03,-1.11,0.76,-1.52,-1.29,-0.48,-1.03,-1.4,1.1,1.08,-2.42,-0.46,-0.68,0.28,-0.63,-0.48,-0.29,0.1,-0.62,-2.26,0.81,0.14,-0.17,-0.25,-0.76,-2.52,-0.62,-0.6,-2.33,-0.75,-1.15,-0.03,-0.49,-0.51,-1.67,-1.74
2.3,-2.14,0.02,-2.04,1.62,-0.68,-0.61,-0.42,-2.97,-1.9,1.38,0.83,-0.48,-0.11,-2.8,-1.88,-2.67,-0.05,-0.47,-0.11,0.23,-2.45,-0.41,,-1.0,-3.66,-1.8,-0.01,-0.64,-1.09,-0.22,-1.22,0.96,0.15,-1.5,-1.35,-1.87,-0.5,-1.13,0.76,0.11,-0.75,-1.19,-0.37,-1.16,-0.37,0.1,-2.87,-2.11,-2.86,0.59,-1.89,-4.17,-0.13,0.0,-0.88,-0.09,-1.06,-2.1,0.28,-0.85,0.45,-1.4,0.52,-2.44,0.19,0.26,-0.61,-2.39,-0.54,-1.81,-2.55,-0.11,0.23,-0.17,-1.65,-1.23,-0.75,-0.89,-0.81,-0.01,-1.86,1.05,-1.47,-0.77,-1.23,-0.92,-4.07,0.76,0.28,1.01,-0.08,-0.62,-1.9,-1.08,-1.74,-3.8,-1.25,-2.02,-2.42,-1.57,-1.55,0.22,0.65,-1.54,-2.78,-1.87
-1.12,0.45,-2.01,0.54,-0.73,-0.51,-0.2,0.16,0.38,-0.71,-0.63,0.96,-0.55,-0.52,-0.03,-0.23,0.35,-0.43,-1.3,-1.31,-0.64,-0.64,-1.13,-0.01,,-3.0,0.63,-0.79,-1.3,0.53,-1.7,-1.88,0.22,-1.23,-1.92,0.54,0.06,-1.77,-0.5,-1.3,-1.74,1.05,-0.89,-1.73,-0.76,-1.02,-0.47,-0.61,-1.04,0.88,-0.75,-1.31,-2.45,-1.02,-0.16,0.53,0.52,-2.1,0.0,1.2,-0.95,-0.99,-1.38,-0.22,-0.46,-0.54,0.86,-0.82,-1.01,-0.03,-1.97,-0.78,0.17,-1.97,0.34,-0.73,0.04,-1.55,-0.07,1.1,-2.1,-2.19,-0.79,-0.15,1.04,-1.32,1.65,-0.25,-1.89,-1.46,0.06,-0.05,-0.74,-0.42,0.06,-1.96,-0.27,-1.08,-1.39,-2.47,0.23,-2.19,0.64,-1.02,-1.75,-1.17,-1.23
-0.74,1.15,0.48,2.11,-1.88,0.07,0.44,-0.78,-0.86,-2.89,-1.57,0.72,-3.65,-1.64,-1.89,1.01,0.75,-0.61,-1.56,1.2,0.88,1.76,0.36,2.12,-0.44,,-0.28,-0.94,1.21,1.97,-0.77,1.43,0.33,-1.63,0.34,0.29,0.19,0.38,1.31,-1.56,-1.25,-0.82,0.21,-0.01,0.78,-0.58,-1.03,-0.55,-1.2,-0.36,-0.21,1.09,-1.1,-1.38,0.35,-1.88,-0.08,1.71,-1.89,-0.76,-1.56,2.34,0.34,-4.74,-1.27,0.87,-1.01,-1.49,2.27,-0.26,1.4,-2.11,0.94,-1.14,-1.34,-0.22,0.99,0.86,0.15,-1.19,-2.67,-2.1,-1.11,-2.6,-0.33,0.06,-0.58,-0.37,-0.24,1.29,-0.71,-0.29,1.28,-0.22,-1.26,2.42,0.33,-1.07,0.56,0.98,0.61,1.34,0.74,-1.38,0.46,-1.3,-0.31
-0.57,-2.74,0.61,-2.93,-1.54,-1.5,-2.31,-1.73,-3.48,-1.55,-0.82,-1.99,-3.56,-0.37,-2.28,-1.8,-2.81,1.3,0.08,-1.49,-0.12,-1.86,0.42,0.6,-2.4,-2.24,,-0.05,-2.59,0.41,-2.65,-0.44,-0.95,-2.57,-5.68,0.64,-2.29,-0.28,-2.0,-1.11,-0.25,-1.35,-1.45,-0.37,-2.97,-1.84,-0.75,-0.84,-1.53,-1.86,-1.84,-1.19,0.26,2.34,0.2,-0.63,-0.19,-0.49,-2.3,-0.67,-0.84,0.19,-1.76,-1.31,-1.42,-0.56,-0.64,-0.85,-0.61,-1.15,-1.25,-3.08,0.29,0.67,-0.7,-0.68,0.2,0.66,1.05,-1.57,0.55,-2.41,-0.06,-3.57,0.29,-2.94,-1.0,-1.68,0.43,-1.14,0.78,-2.18,-0.56,-3.24,-2.44,-0.35,-3.06,-0.45,-0.73,-1.65,-2.26,-1.36,0.07,-0.43,-0.33,-1.03,-1.72
-0.16,-2.14,-0.85,-0.64,0.12,0.56,-0.85,1.17,-2.05,0.58,-0.11,-0.28,3.15,0.2,2.17,0.03,-1.93,-3.62,0.69,0.58,0.78,-1.29,-1.05,-0.95,-0.48,-0.94,-1.61,,-1.97,-0.8,-0.43,0.17,-0.93,-0.0,-2.23,-0.26,-0.77,-0.28,-2.84,-0.57,-0.6,0.75,0.02,-1.11,-2.76,0.05,-0.09,0.37,-0.02,1.04,0.97,-0.92,6.16,-0.43,-0.3,2.25,-0.55,-1.36,-0.41,0.19,0.29,-0.14,0.47,0.83,1.38,-2.75,-0.7,-1.22,-0.95,0.1,-0.91,-1.04,-1.94,1.55,0.57,-0.86,-0.51,-1.66,-1.18,0.87,1.26,-2.54,-3.04,-0.07,0.29,-1.05,-1.45,0.94,-1.01,-0.67,-0.99,-0.07,-0.52,-0.17,-0.54,0.35,-1.34,0.54,-1.3,-2.79,-1.36,0.21,-0.27,-0.12,-0.71,-1.81,-3.19
-0.57,-2.66,-0.56,-2.17,0.34,0.0,-1.3,0.03,-1.82,-1.5,-1.2,-0.58,-1.3,0.38,2.02,-1.32,-3.08,-1.02,-0.11,-1.52,-0.04,-0.88,-0.44,-0.33,0.05,-3.06,0.86,0.7,,-1.53,-1.35,0.64,-2.15,-0.16,-2.51,0.21,-1.87,-0.22,-2.32,-1.75,-0.02,0.61,-0.79,-2.59,-2.31,-1.15,-0.52,0.04,-0.59,-2.12,0.64,-0.8,2.02,-0.31,0.86,0.75,-2.0,-0.82,-0.91,-0.38,0.84,-0.55,-0.05,-0.93,0.69,-0.06,0.04,-1.58,0.03,-0.13,0.21,-1.79,-0.39,1.43,0.11,-0.45,0.37,-1.34,-0.73,0.77,1.13,-3.2,-0.62,-1.11,-0.2,-0.77,-1.76,0.47,0.78,-1.33,-1.52,-0.44,0.05,-1.6,-1.14,0.96,-2.42,0.32,-0.25,-1.66,-2.37,-2.59,-0.76,-0.59,-0.87,-1.51,-2.54
-0.33,-2.69,0.42,-1.59,-0.35,-1.74,-0.19,-1.01,-3.66,-1.04,-0.98,-0.38,-0.57,0.88,0.66,-2.49,-5.46,0.28,-0.5,1.04,-1.05,-1.54,-1.64,0.22,-1.72,-3.88,-2.01,-0.39,0.31,,-1.54,0.64,-3.47,-1.45,-5.15,0.45,-1.3,0.27,-4.32,-0.95,0.76,-2.3,-1.09,-1.42,-3.83,-1.06,-1.03,0.43,-1.89,-0.76,-0.05,-1.94,6.37,-1.01,-0.09,2.75,-0.24,0.5,-1.72,-0.63,-0.28,-1.95,-1.95,-2.92,2.07,-1.63,-0.43,0.59,-0.93,-1.32,0.05,-4.11,0.48,-1.04,1.28,-1.74,-1.16,-1.64,-1.18,-1.0,-1.19,-2.86,1.16,-1.32,-3.35,-2.58,-0.19,-1.0,-0.33,0.39,-0.33,-0.34,0.3,-3.42,-1.06,1.17,-4.05,-0.61,-1.83,-2.55,-0.11,0.36,-2.05,-0.54,-1.12,-1.43,-1.45
-0.9,0.11,-1.23,0.01,-1.01,-1.75,-0.92,-1.2,0.2,-0.4,-1.79,-1.63,-0.22,-1.47,-1.38,0.15,0.03,-0.59,-2.02,0.09,-0.9,-0.92,-0.54,-0.89,0.1,-1.37,0.81,-1.01,-0.25,0.08,,-0.49,-0.12,-1.05,0.31,1.11,0.65,-0.08,-1.04,-0.36,-0.54,-1.07,-0.05,-1.26,-2.99,-1.51,-1.3,0.65,-1.28,0.77,-0.76,0.59,-0.17,-1.63,-0.69,-1.72,-0.6,1.11,-1.5,-1.02,-2.61,-0.87,0.16,-3.7,-2.23,0.88,-0.64,-1.68,-0.56,-0.77,-0.78,-1.81,0.55,-2.8,-0.78,-0.36,-1.46,-0.56,-1.45,-0.78,-2.44,0.62,0.53,-1.39,0.17,-1.47,-0.15,-0.75,-2.13,-0.12,-0.59,0.03,-0.7,-1.33,-1.03,-1.95,-2.57,-1.46,-0.7,0.11,-1.56,-0.0,-1.04,-1.56,-2.49,-1.05,-1.52
-1.07,-1.47,-1.15,-2.68,-1.24,0.2,0.2,-0.94,-1.05,-0.5,-0.18,-1.3,-1.13,-0.01,1.92,-1.31,-1.52,0.03,0.46,0.8,1.04,-2.56,-1.21,0.33,0.69,-3.13,-0.92,-1.32,-1.86,-1.74,-0.79,,-2.46,-0.53,-1.59,-0.03,-0.43,-0.46,-2.03,-0.77,-1.15,0.83,0.47,-1.59,0.85,-1.13,-0.41,-0.48,-0.69,-0.32,0.5,-2.12,0.08,0.27,-0.04,0.95,-1.79,0.35,-0.05,-0.9,0.04,1.01,0.65,-1.1,-0.6,-2.01,-0.4,-0.68,-0.47,-0.46,-0.95,-2.71,-2.35,0.45,-0.25,-0.41,-0.44,-1.96,-0.73,1.6,-0.06,-4.45,-1.94,1.0,-0.22,-0.66,1.14,-0.1,-1.07,-1.11,-0.22,-0.01,0.38,0.13,-0.51,-0.99,-0.89,0.03,1.48,-1.24,-0.55,-2.19,-1.22,-0.04,-2.07,-0.9,-2.45
-0.31,-0.1,1.66,0.61,-2.71,-1.98,0.57,-0.74,-1.16,0.09,-0.68,-0.02,-2.22,-1.39,-2.01,-0.14,-1.97,1.1,-1.09,0.61,0.69,-2.23,0.77,-1.91,-1.52,-2.39,-0.66,-0.25,0.87,2.34,-1.29,1.33,,0.58,-1.64,1.01,-0.82,-0.86,0.21,-0.8,1.14,-0.9,-0.52,-1.42,2.52,-0.53,-1.54,-0.14,-0.56,-0.8,0.66,0.74,-1.17,-0.11,-0.89,-0.37,1.16,0.22,-2.81,0.34,-1.44,-0.39,-0.74,-0.76,-0.61,0.16,0.87,-2.49,0.0,0.56,-1.11,-3.54,1.44,0.32,0.62,0.94,-0.94,-0.83,-0.72,-1.63,1.37,-1.09,0.02,-1.19,0.13,-0.51,-1.9,-2.2,-0.26,-0.06,0.58,-2.5,-1.18,-2.64,-0.53,0.81,-3.82,-1.21,-0.53,-1.63,-1.81,-0.09,1.76,0.12,0.34,-2.9,-0.17
-1.93,-0.55,-1.45,-1.26,1.09,-0.18,-0.94,1.02,-1.59,-1.27,-1.46,0.7,-0.47,-0.83,0.12,-0.31,-1.04,-0.78,-0.21,-0.13,1.29,-1.19,-0.71,-1.28,-0.33,-0.73,0.52,-1.46,-1.33,-0.03,-0.73,-0.85,-2.1,,-2.38,0.65,-0.21,-0.41,-3.16,-1.57,-1.59,-0.03,0.19,-1.89,-1.77,-1.35,-0.62,-0.16,-1.08,-0.25,-0.84,-1.19,-0.09,-1.03,-0.12,1.36,-0.42,-0.5,-0.37,-1.02,-0.79,-0.36,0.38,0.0,-1.09,-1.06,-0.87,-1.51,-0.45,-0.65,-1.04,-1.6,-0.21,-2.08,0.28,-0.64,-0.34,-0.06,-0.31,0.97,-0.83,-1.81,-2.1,-1.26,-0.03,-2.12,1.27,0.8,-0.63,0.18,-1.96,-0.61,0.34,0.14,-0.56,1.76,-0.9,-0.3,0.02,-1.85,1.01,-1.5,-0.99,-0.5,-1.3,-1.7,-3.75
-2.45,-0.6,-1.49,1.24,-2.79,-0.54,2.32,-1.69,-0.97,0.35,-3.26,-2.59,-3.43,0.1,-4.23,-0.35,-1.3,4.05,-0.34,1.66,-2.86,-0.16,0.5,0.13,-0.07,-3.44,3.19,0.49,0.65,3.37,-2.28,-0.23,-0.4,0.19,,-0.86,0.75,0.23,-0.8,0.96,-1.42,-1.86,1.83,1.12,-2.95,0.09,-1.39,0.1,0.02,-2.09,0.96,-1.67,-0.62,0.15,1.11,-1.62,0.67,0.49,0.85,0.99,1.67,-4.49,-0.27,-3.58,-2.25,2.4,0.48,1.34,5.46,2.35,0.31,-2.94,0.14,0.06,-0.62,-0.54,-2.81,0.09,3.41,-3.22,-1.47,-1.81,1.52,-0.38,0.24,-3.52,-3.37,-3.11,-0.48,-0.99,2.62,0.68,-0.65,-5.42,-0.37,-1.52,-3.05,-2.92,1.96,-1.03,-0.82,-1.28,-1.69,-2.72,-3.39,-2.54,5.25
-0.08,-2.0,-0.69,-1.28,-1.14,-1.77,-1.64,-0.99,-3.34,-2.98,-1.88,-0.99,-1.82,-1.03,-0.96,-2.34,-3.1,-0.44,-1.32,-0.26,-0.65,-0.82,-0.45,0.34,-1.85,-2.37,-2.36,-1.03,-1.55,-1.68,-2.65,-1.23,-2.36,-2.2,-1.17,,-2.28,-0.92,-2.13,-2.2,-0.9,-0.86,-1.25,-1.04,-2.38,-1.3,-0.51,-1.87,-1.18,-2.24,-1.08,-0.92,0.36,-1.46,-1.73,-1.52,-1.41,-0.77,-2.5,-2.75,-1.11,0.24,-1.83,-3.22,-1.53,-1.38,-2.01,-2.26,-2.52,-1.28,-1.92,-2.62,-1.17,-1.13,-1.73,-1.4,-0.29,0.0,-0.92,-0.96,-1.33,-2.21,-1.01,-1.99,-1.01,-1.41,-2.99,-1.98,-0.84,-0.84,-0.85,-0.53,-0.83,-1.88,-2.82,-1.07,-2.56,-1.33,-1.02,-1.58,-2.29,-1.46,-2.08,-1.42,-0.87,1.85,-2.39
0.08,-0.49,-0.91,-0.44,-2.1,-2.76,0.09,-0.65,-0.73,-0.85,-0.61,-2.26,-2.29,-0.85,-1.05,-1.88,-2.24,0.67,-1.15,-1.16,-1.49,-1.0,0.47,0.65,-1.89,-2.5,0.28,-0.72,0.21,-0.19,-2.51,-0.9,-0.73,-1.85,-3.15,0.52,,-1.25,-0.44,-0.05,-0.49,-0.96,-1.9,-1.3,-1.22,-1.7,-2.04,-0.08,-1.3,-0.43,-1.19,-0.52,-0.23,0.18,-0.22,-0.63,1.09,0.26,-1.93,-0.48,-0.6,0.29,-2.47,-1.51,-0.14,0.11,-0.71,-0.65,0.09,-1.32,-2.32,-1.83,-0.51,-1.42,-0.85,-0.33,-0.76,0.7,-0.09,-1.83,-0.96,-1.44,1.9,-2.03,-0.93,-2.88,-1.33,-0.75,-0.89,-1.09,0.9,-2.1,-1.77,-2.07,-1.08,-2.28,-2.58,-1.21,-0.37,-2.24,-1.48,-0.18,-1.84,-1.33,-2.21,-0.36,-0.8
-0.01,-0.82,-1.95,-0.89,0.75,-0.58,-0.66,0.61,-0.86,-0.86,-0.88,0.09,-0.18,0.58,1.75,0.05,-1.45,-1.08,-0.34,-0.26,0.51,-2.35,-0.78,-0.47,0.43,-2.34,-1.12,-0.95,-1.24,-1.44,-1.35,-0.65,-0.28,-0.95,-2.03,-0.34,-0.36,,-2.29,-1.54,-0.98,0.34,-0.74,-1.04,-1.26,-1.29,-0.14,0.75,-0.39,0.87,0.07,0.29,3.78,-1.66,-0.3,1.66,-1.69,-0.75,-0.09,-0.2,-0.63,0.68,0.65,0.11,0.92,-1.22,-0.58,-1.41,-2.66,-1.07,-1.81,-0.97,-2.12,0.66,-1.01,-1.08,-0.83,-1.51,-0.94,0.99,-0.4,-3.0,0.34,0.45,0.44,-0.51,2.36,1.43,-0.77,-0.37,-1.55,0.76,2.16,1.18,-0.21,-2.01,-0.75,-0.07,-0.69,-3.08,-0.45,0.53,-1.42,-1.19,-1.53,0.65,-2.24
-2.9,0.55,1.6,-1.05,-1.13,-0.69,1.22,-0.84,-2.84,-1.41,0.07,-0.99,-3.33,1.89,-1.84,-2.15,-3.06,2.08,0.84,0.25,-2.37,-1.25,-0.23,0.15,-2.17,-4.36,0.19,1.57,1.02,3.1,-0.53,0.71,-1.57,1.54,-1.41,0.69,-1.34,0.92,,-0.48,1.42,-1.66,0.43,-1.05,0.19,-0.18,-0.99,-1.98,-0.72,-2.27,1.2,-0.41,-2.18,-0.16,-0.6,0.1,0.02,0.08,-2.97,1.82,0.61,-2.67,-0.87,-0.73,-0.81,1.85,-0.06,0.79,0.96,-0.08,-1.54,-3.62,0.99,1.18,-0.51,0.27,-0.69,-1.78,-0.28,0.27,-1.19,-2.6,2.9,-1.41,-0.4,-1.55,-1.24,-2.81,1.94,2.53,1.3,0.72,0.1,-2.08,0.4,-0.39,-3.92,-1.74,0.34,-1.26,-1.25,-0.45,-1.82,-1.0,-0.06,-2.24,1.27
0.72,-0.69,-1.28,-1.43,-1.11,-1.67,-1.5,-0.5,-1.16,-1.73,-1.02,0.24,0.61,-0.96,-0.09,-1.42,-0.44,-1.17,-2.0,0.71,-0.33,0.38,-0.04,-1.99,-0.22,-0.52,-0.88,-0.89,0.35,-0.5,-1.33,-0.63,-0.65,-0.18,-2.99,0.61,-1.79,0.05,-1.08,,0.64,-0.89,-0.26,-0.9,-2.64,-0.33,-0.63,-1.28,-0.7,-0.73,-0.6,1.15,-1.84,-1.11,-0.01,-0.18,-1.74,0.72,-1.91,-1.53,-1.36,0.65,0.05,-2.11,0.5,-0.0,-0.84,-3.17,0.32,-1.09,-0.49,-0.92,-0.66,-1.01,-0.57,-0.61,0.29,0.47,-1.15,-0.61,-2.31,0.18,-0.81,-2.81,-0.5,-0.62,-0.8,0.76,-0.59,-0.34,-0.67,-0.94,-0.55,0.34,-1.6,0.8,-1.26,-0.82,-0.38,-0.51,-0.71,-0.38,-0.43,-0.62,-0.4,0.05,-0.83
-0.49,-2.35,-1.36,-0.97,0.67,0.09,-1.92,0.8,-1.16,-2.51,-2.32,-0.95,-0.28,0.34,2.26,-0.81,-2.11,-1.11,-0.44,-0.7,0.62,-0.83,-0.18,-1.12,0.45,-0.62,-1.47,-0.62,-1.23,-1.96,-0.99,-0.03,-2.37,0.15,-0.41,-0.48,-1.1,-0.19,-2.75,-2.21,,0.87,-0.24,-1.38,-3.11,-0.31,0.35,-0.2,0.06,-0.28,-0.18,-1.18,3.71,-1.0,-0.15,0.3,-1.72,-0.84,-0.42,-0.78,0.4,-0.57,0.34,-1.21,1.11,-2.41,-1.06,-0.6,-0.08,-0.71,-0.94,-1.85,-1.83,0.62,-0.04,-1.35,-0.1,-1.17,-0.64,-1.04,-0.57,-1.6,-0.96,-0.79,-0.49,-0.88,-2.49,-0.19,0.42,-1.49,-2.24,-0.21,-0.21,-0.9,-0.72,0.86,-2.86,0.28,-1.62,-0.22,0.39,-0.25,-2.62,-0.63,-0.77,-1.11,-2.29
-2.3,-1.27,-1.84,2.28,-1.1,-1.34,-1.28,-1.13,0.15,1.35,0.55,0.98,2.43,-1.68,-1.24,-0.5,-0.17,-1.67,-2.06,-1.05,-3.26,-0.93,-1.53,-0.21,-2.47,-1.34,-0.37,-2.05,-1.85,1.09,-0.39,-2.04,-0.43,-1.49,-0.12,-0.53,-0.56,-1.61,0.25,-0.64,-2.23,,-2.01,-2.56,-0.69,-1.43,-2.24,-1.51,-2.21,-0.41,-2.08,-2.71,-0.84,-1.14,-0.53,1.18,1.04,-1.79,-1.05,-0.26,-0.45,-3.0,-1.68,1.32,0.69,-0.25,-0.34,-0.74,-0.11,0.45,-2.22,-1.21,-0.8,-2.4,-1.55,-2.52,-1.07,-1.21,-0.74,-1.03,-0.11,-1.13,-0.11,-1.63,-0.42,-2.73,-2.4,0.93,-0.98,-1.46,0.24,-2.2,-1.43,-2.72,-0.95,-0.25,-1.98,-2.72,0.17,-1.4,-0.64,-1.94,-0.03,-0.44,-2.12,-2.71,-1.05
-1.16,-0.64,-2.13,-1.51,-0.34,-0.88,0.06,-2.14,-1.09,-0.9,-0.88,-0.26,-1.12,-0.44,0.8,-1.67,-1.61,-1.68,-0.7,0.53,-0.15,-1.57,-1.04,0.15,-0.42,-2.04,-0.31,-1.27,-0.48,-0.2,-1.33,-1.51,-0.8,-1.61,-3.72,-0.14,0.36,-0.54,-1.82,-1.25,-1.18,0.68,,-1.24,-1.32,-1.06,-0.96,-0.93,-1.12,-1.38,-0.31,-0.88,2.12,-1.28,-0.07,2.0,-3.21,-0.04,-0.09,-1.74,-0.89,0.84,-0.36,0.18,0.71,-0.95,-0.86,-1.35,-1.08,-0.85,-1.68,-1.02,-1.83,0.41,-1.02,-0.6,-0.37,-1.37,-1.47,0.59,1.27,-2.56,-0.72,-1.23,0.32,-1.67,0.99,1.11,-0.35,0.3,-0.9,0.16,0.49,0.73,0.06,-0.27,-0.2,-0.64,1.0,-1.91,-0.4,-2.32,-0.93,-0.87,-2.13,-0.1,-3.42
0.51,0.92,-1.01,-1.29,1.44,-1.01,0.21,1.48,-0.6,-1.6,-0.33,0.97,-2.44,-0.14,1.04,0.21,-0.71,-0.05,-0.22,-0.06,1.19,-1.16,0.06,-0.62,-0.92,-2.92,-1.26,-0.14,1.32,0.17,-0.16,0.44,0.12,0.47,-3.02,-0.26,-0.28,-0.18,-1.15,-0.53,0.02,1.21,0.02,,-0.1,-0.91,-0.88,1.77,0.75,0.2,0.8,2.04,3.87,-1.39,0.37,-0.17,-2.13,1.42,-0.34,-0.99,-0.38,1.69,0.6,1.32,-1.57,-1.16,-0.98,-1.89,-1.8,-0.73,-0.99,-0.37,-1.17,-2.45,-1.49,0.94,-0.4,-0.48,-1.38,1.49,-1.64,-1.8,0.88,0.17,0.02,-0.61,-0.78,0.89,0.87,0.41,-0.99,0.96,0.34,1.44,0.52,-1.16,0.3,-0.66,-0.5,-1.23,-0.44,-0.11,-1.38,-1.64,-0.46,-1.44,-2.04
-2.97,1.28,-1.01,-0.9,-0.64,-1.45,0.23,-2.29,-0.91,-1.13,-0.8,-2.42,-2.86,0.34,-2.61,0.38,-2.76,2.13,-0.58,-1.15,-3.03,-1.78,-0.6,0.06,-0.67,-3.09,1.15,1.42,0.88,2.48,1.38,-2.2,-3.95,0.14,0.72,0.86,-0.51,-0.13,-1.78,0.98,1.72,-0.81,-0.07,-1.37,,-0.64,-1.29,0.29,-1.14,-2.95,-1.8,-2.2,-0.83,-0.97,0.19,-0.41,0.11,0.34,-1.8,1.54,0.47,-4.08,-0.81,-3.58,-1.13,1.14,-0.25,2.57,1.23,-0.99,-3.06,-4.12,0.67,-0.9,-0.86,-1.45,-1.99,-0.19,0.04,-1.42,-3.41,-1.99,3.13,-1.37,-0.87,-1.63,-3.8,-3.12,-1.64,1.0,1.63,1.48,-2.21,-4.3,-1.58,-0.6,-4.02,-1.9,-1.13,-1.03,-1.38,-2.02,-3.47,-1.53,-1.83,-0.82,1.97
-0.35,-0.34,-0.84,-1.11,-0.95,-0.77,-1.15,0.05,-0.68,-0.52,-0.6,-0.31,0.09,-1.59,-0.96,0.85,-0.7,-0.84,-0.18,0.54,0.04,-1.17,-0.91,-0.88,-0.72,-2.06,-0.29,-1.57,-0.5,-0.48,-0.25,-0.37,-1.14,-0.57,-2.54,-0.4,-0.21,-0.23,-1.71,-1.48,-1.19,-0.25,-0.65,-0.72,-1.24,,-1.28,-0.13,-0.51,0.3,-1.07,-1.03,2.18,-1.96,-0.16,0.48,-0.58,-0.07,-0.49,-2.34,-1.41,1.49,0.39,-0.39,-1.1,0.18,-1.08,-1.89,-2.03,-0.28,-1.6,-1.62,-1.45,0.02,-0.22,-0.55,-0.85,-1.42,-1.03,-0.11,-0.14,-2.18,-2.09,-1.57,-0.15,-0.75,-1.46,1.23,-1.59,0.61,-0.27,-0.56,0.2,0.48,-1.15,0.15,0.01,-0.85,-0.39,-1.34,-0.9,-0.69,-1.13,-1.07,-1.71,-1.61,-2.43
-0.23,0.01,-1.14,1.14,-0.79,-0.22,-1.07,-0.59,0.55,-0.17,-0.52,0.06,-0.03,-2.06,-1.05,-0.0,0.05,-1.08,-0.72,-0.65,-0.3,-2.21,-1.51,-1.19,-2.05,-2.0,-0.95,-1.23,-1.02,-0.27,-0.31,-0.85,0.12,-0.99,-0.78,-0.93,0.44,-1.19,-1.29,-1.04,-1.76,0.75,-0.47,-1.2,-0.27,-0.6,,-0.85,-0.42,-0.1,-0.64,-1.72,0.32,-1.64,-0.46,-0.12,-0.69,-0.62,-0.17,0.04,-1.39,-0.73,-0.81,1.34,-1.36,-0.97,-0.65,-0.98,-2.55,-0.04,-3.09,0.25,-1.47,-0.89,-1.17,-0.24,-1.14,-2.14,-1.14,0.42,0.45,-2.1,-2.27,0.08,0.56,-1.2,-0.56,0.48,-2.56,-0.31,-0.05,-0.23,-0.56,1.06,-0.6,-2.17,0.8,-1.55,-2.09,-2.47,-1.71,-2.53,-0.26,-1.01,-1.53,-1.42,-1.34
-0.41,-0.66,-0.09,0.78,-0.84,-0.63,-0.41,-1.05,-0.67,-2.07,-2.91,-2.25,-2.23,-1.34,-1.6,-1.85,-1.13,0.48,-2.48,-0.4,-0.43,0.42,-0.66,1.84,-0.79,-1.48,-0.94,-1.68,-1.56,-1.74,-2.13,-0.76,-1.18,-1.53,-2.14,0.45,-1.65,-1.91,0.47,-0.22,-1.22,0.05,-0.25,-3.16,-1.74,-1.65,-0.61,,0.04,-0.46,-2.05,0.15,-3.18,1.07,0.52,-0.93,-0.52,-1.99,-2.11,-0.67,-1.32,-0.72,-1.08,-4.02,-1.01,-2.26,0.35,0.03,1.88,-1.85,-0.39,-2.28,0.52,-2.16,-0.68,-0.51,0.4,1.95,-1.01,-1.57,-3.49,0.02,0.43,-1.57,-1.13,-2.05,-0.02,-0.95,-0.95,-2.66,-0.26,-2.07,-1.36,-2.67,-2.84,-0.91,-1.93,-0.58,0.09,-1.19,-2.05,-2.84,-1.5,-0.41,-1.3,-0.06,-2.17
-2.09,0.69,-0.24,0.48,0.34,-0.37,-0.2,-1.34,-0.33,-0.23,-0.78,-0.26,-3.28,-0.75,-1.34,-1.45,-0.25,-1.59,-0.98,-0.42,0.51,-0.52,-0.73,1.06,-0.32,-0.89,-0.31,-1.28,-0.74,0.65,-0.26,-0.53,-0.82,-0.55,-2.08,-0.16,-0.45,-0.94,-0.77,-0.76,-1.41,0.74,-0.01,-2.13,-0.42,-1.22,-1.08,-1.38,,-0.06,-0.76,-1.06,-3.21,-0.61,0.53,-0.1,-1.21,-0.3,-0.64,-1.8,-1.15,1.04,0.99,-0.31,-1.32,-0.57,-0.47,-1.26,0.59,-0.51,-1.33,-1.08,-1.4,-2.25,-2.3,-0.15,-0.1,0.08,-0.89,0.97,-1.57,-1.91,-1.82,-1.18,0.5,-1.77,-1.25,-0.69,0.3,1.66,-1.42,-0.79,-0.24,-0.42,-0.59,0.91,-0.56,-0.8,0.39,-1.54,0.28,-1.87,0.04,-0.5,-1.43,-1.68,-3.6
-0.33,0.7,2.21,0.63,-4.71,-0.32,-1.05,-1.57,-2.41,-1.59,-0.94,-2.47,-2.5,-1.39,-2.16,-0.69,-1.18,1.63,-2.0,-1.04,-0.83,-0.29,0.39,1.9,-2.19,-1.63,0.01,-2.24,0.73,-0.37,-2.23,-0.72,-0.43,-1.26,0.13,0.97,-1.08,-2.15,0.82,-0.67,-0.93,-0.89,0.21,-1.45,1.51,-1.95,-1.34,-0.77,-1.24,,-0.94,-0.27,-2.16,1.83,0.26,-2.6,0.27,-0.57,-1.84,-0.17,-0.64,-2.21,-0.72,-3.17,-1.43,-0.37,0.06,1.78,1.52,-0.32,-0.67,-3.17,0.45,-2.16,0.41,-0.31,0.24,2.23,1.44,-3.53,-2.12,-1.09,1.36,-2.5,-0.25,-2.85,-1.71,-3.02,-0.84,-3.86,-0.01,-1.99,-0.41,-3.58,-1.02,0.74,-1.66,-1.67,2.05,0.46,-0.59,-0.25,-1.71,-0.54,-0.74,0.81,-0.86
-0.94,-1.22,-0.85,-1.41,-0.25,0.3,-0.59,0.42,-2.19,0.17,-0.58,-0.92,0.08,-1.49,0.97,-0.68,-2.02,-1.86,0.86,-0.87,1.04,-2.49,-1.48,-1.55,-0.62,-1.72,0.32,-2.17,-1.98,-1.12,-0.86,-1.6,-1.85,-0.67,-2.85,-0.17,-0.43,-1.29,-2.49,-0.85,-1.02,0.8,-1.04,-2.07,0.48,-0.45,-0.72,0.62,-0.54,-0.34,,-1.11,1.83,-0.15,0.22,1.55,-0.2,-1.19,-0.49,-0.31,-0.01,-0.4,-0.72,0.56,0.5,-2.11,-0.98,-0.49,-1.78,-1.26,-1.86,-1.97,-1.66,0.29,0.34,-0.33,-0.85,-2.19,-0.76,0.01,-0.25,-2.24,-2.77,-1.06,0.62,-0.81,-0.64,0.89,-2.4,-1.63,-0.57,-0.7,-0.03,-0.68,-0.16,-1.12,-1.41,0.6,-1.38,-2.27,-2.12,-1.03,-0.42,0.23,-1.06,-1.72,-3.09
-0.2,-1.11,-0.88,-2.36,-0.67,-0.57,0.29,0.4,-0.27,-1.47,-2.15,-0.21,-2.65,-0.95,2.29,-1.0,-1.08,-0.4,-1.19,-0.97,0.18,-0.85,-1.37,0.93,-0.09,-2.96,-0.49,-0.32,-0.6,0.72,-2.1,0.87,-1.85,-0.42,-0.09,-0.37,-0.96,-1.55,-0.9,-2.63,-0.11,1.41,-0.59,-3.28,0.82,-0.47,0.36,-1.43,-0.34,-0.97,-0.18,,0.1,-1.54,-0.12,1.23,-0.86,0.68,-1.65,-1.83,-0.61,0.64,-0.45,-2.74,0.91,-0.84,0.87,-2.02,0.27,0.01,-1.81,-3.89,-0.2,-0.84,0.28,-0.28,-0.09,-1.51,-0.67,0.43,-3.41,-2.48,-1.09,-0.56,1.06,1.29,-0.52,1.1,-0.43,-0.36,-0.02,-0.07,-0.29,-1.21,-1.65,0.69,-2.65,-0.58,-0.72,-0.82,0.04,-1.9,-1.19,-0.48,-0.81,-0.45,-1.87
-0.34,0.06,-1.7,1.92,-2.43,2.18,-1.82,0.77,3.46,1.97,-1.47,-0.77,2.88,-2.05,1.51,-0.62,-0.66,0.55,-0.55,-2.17,-0.24,-0.67,-3.35,3.09,0.95,-1.06,-2.08,-7.55,-3.57,-7.71,-1.41,-1.4,-0.31,-1.6,-1.59,-1.92,-1.65,-5.15,0.6,0.2,-5.24,-0.66,-3.48,-5.35,-0.8,-4.07,-1.84,1.64,1.65,0.74,-3.28,-1.5,,-0.67,-0.2,0.35,2.08,0.83,2.21,-1.18,1.48,-1.91,-3.76,0.71,1.89,-0.37,-1.49,0.08,1.1,0.15,0.91,-0.75,-1.51,-2.73,-0.79,-2.58,0.83,-1.32,0.47,-1.97,-0.04,-0.95,0.98,3.22,-1.21,-7.09,0.76,0.57,-1.87,-6.81,1.31,-3.37,0.92,-2.38,0.13,-3.2,-0.71,0.42,-0.96,2.02,-1.45,-3.83,-1.2,-1.16,-1.25,2.01,2.01
-1.41,-0.32,0.48,-1.53,-0.71,-0.55,-0.42,-0.81,-3.69,-3.13,0.32,0.44,-2.53,-0.47,-0.94,-3.15,-2.0,0.3,0.27,-0.71,-0.15,-0.05,0.48,-0.75,-0.13,-0.33,-3.79,-0.76,-0.85,-0.1,0.34,-1.34,-1.01,-0.33,-1.75,0.2,-1.5,0.56,-1.0,-0.25,-0.19,-0.04,0.16,0.26,-0.28,0.55,0.38,-2.3,-0.6,-2.9,-0.95,0.33,-0.54,,-0.78,-1.53,-0.95,-0.58,-1.7,-1.53,-0.67,-0.3,-0.81,-0.3,-1.98,-0.47,-1.52,-0.88,-0.81,-0.7,-0.59,-2.64,-0.95,-0.01,-1.18,-0.26,0.77,-0.16,-0.84,-0.36,-1.11,0.77,-1.47,-1.16,-0.3,0.02,-1.57,-2.06,-1.05,0.06,-1.12,0.25,-2.0,-0.09,-1.22,-0.79,-1.81,-0.27,-1.19,-1.01,-2.4,0.25,0.6,0.28,1.3,-0.88,-4.11
-0.67,-0.35,-2.05,-3.09,-1.02,-0.73,-0.18,-0.41,-2.29,-0.24,-0.37,-1.42,-0.82,-1.34,-0.86,-2.22,-1.71,-0.8,-0.77,-1.65,-0.1,-2.4,-1.42,-0.93,-1.04,-2.26,-1.88,-0.87,-2.1,-1.01,-0.74,-1.02,-0.22,-1.3,-2.95,0.47,-1.3,-0.86,-0.7,-1.38,-1.12,-0.7,-1.23,-1.55,-1.5,-1.31,-0.85,-1.85,-1.73,-1.51,-1.44,-1.18,-1.22,-0.33,,-0.29,0.45,-1.01,-2.62,-1.38,-0.83,0.08,-2.48,-0.56,-0.72,-0.13,-1.52,-0.25,-2.9,-1.65,-1.98,-2.61,-1.94,-0.66,-0.54,-0.75,-0.5,-1.98,-2.79,-0.53,-0.75,-0.06,-0.48,-0.85,-1.17,-0.89,-2.15,-0.34,-1.09,-1.26,-0.14,-0.98,-1.44,-2.05,-0.4,-1.27,-2.93,-1.09,-1.11,-0.23,-2.44,-1.45,-0.8,-0.3,0.21,-0.01,-3.4
-0.74,-0.57,-0.72,-1.44,-2.11,0.67,-0.59,0.14,0.07,1.85,-1.15,-0.59,2.74,-1.9,1.47,0.09,0.82,-2.13,-1.81,-2.57,-0.75,-2.51,-2.19,-0.04,-1.91,0.07,-1.04,-3.52,-1.99,-4.01,0.19,-2.1,-0.83,-2.85,-0.25,0.18,-0.92,-2.91,-1.5,-1.29,-1.61,-2.46,-3.42,-1.11,-0.96,-2.08,-1.3,-0.5,-1.21,1.34,-2.81,-2.55,-1.89,0.39,-0.92,,0.68,-3.02,0.95,-0.11,-0.02,-1.95,-2.41,-0.99,-0.11,-1.12,-2.04,0.57,-1.53,-1.34,-1.5,0.48,-0.42,-2.17,0.18,-2.05,-1.85,-0.68,0.28,0.61,-0.92,-0.28,-0.89,0.67,-1.8,-2.98,2.47,0.76,-2.44,-4.13,0.9,-2.82,-0.02,-0.83,-0.1,-2.79,0.02,0.12,-1.79,0.28,0.42,-3.39,-0.13,0.11,-0.7,0.7,-3.53
0.17,-1.92,1.07,-3.14,-1.48,-1.28,-1.85,-0.35,-2.59,-2.85,-0.41,-0.78,-2.02,-1.42,-2.67,-1.02,-2.15,-0.66,-1.61,0.59,-0.32,0.02,1.54,-0.91,-1.83,-1.78,-1.32,-0.75,0.68,-0.96,-0.87,0.64,-2.4,-1.05,-2.5,-0.03,-2.65,0.44,-1.37,0.3,0.34,-2.38,1.98,0.86,-1.57,-0.99,-0.73,-0.82,-0.08,-1.51,-1.09,-0.41,-3.48,-0.28,-1.66,-1.97,,-0.08,-2.16,-2.03,-1.08,-0.32,-0.08,-3.79,-1.58,-0.29,-0.41,-1.68,1.98,-1.19,-0.89,-3.72,0.09,-1.5,-1.12,-1.7,-0.23,1.02,-0.64,-1.6,-3.2,0.44,-2.78,-3.93,-2.71,-1.55,-2.97,-1.29,-0.68,-1.38,-2.04,-1.66,-2.08,-1.4,-1.92,0.75,-2.99,-0.96,3.04,-0.75,-1.52,0.76,-0.95,-0.31,1.28,-2.01,-2.28
0.7,-1.64,-3.62,-1.82,1.59,0.04,0.42,0.32,0.49,0.79,0.86,3.58,-0.29,2.31,0.19,-1.62,-1.14,1.12,-1.08,0.32,-2.04,-1.11,-1.77,0.17,0.98,-3.33,-0.88,0.25,-0.32,-1.61,-2.44,-1.46,-1.31,-0.77,-2.03,-0.38,-1.64,-0.27,-1.26,-2.0,-0.3,0.62,-0.98,-2.56,-1.57,-1.34,-0.59,0.79,-0.91,-0.54,0.18,-1.8,-2.19,-0.45,-0.13,1.77,-1.1,,1.2,-0.11,1.17,0.59,-0.31,-0.13,1.23,0.05,-0.76,-0.08,-2.4,-0.11,0.78,0.98,-0.73,0.28,-0.8,-1.56,-0.41,-1.94,-1.53,1.06,0.7,-2.83,3.19,1.08,-0.19,-0.52,-1.51,-1.24,1.6,1.8,-0.58,2.28,-0.22,-0.38,-0.49,-0.93,-2.07,-1.05,0.17,-0.59,-1.53,-1.94,1.1,-0.66,-3.0,-1.0,-0.65
-1.92,0.6,0.1,0.46,-1.91,-1.01,-0.75,-1.07,-1.1,-1.26,-0.47,-1.47,-2.08,-1.84,-1.43,0.76,0.61,-1.52,-2.06,-1.1,-1.74,-0.63,-1.5,0.96,-1.66,-0.54,0.41,-1.12,-0.6,0.18,-0.26,-1.36,1.19,-1.44,-3.22,0.88,-0.06,-1.51,1.22,0.14,-1.11,-0.58,-1.57,-1.21,0.05,-1.56,-1.58,0.37,-1.05,0.15,-1.01,0.1,-3.96,0.32,1.05,-2.6,0.69,-2.57,,0.83,-1.68,-2.12,-0.87,-0.52,-1.58,1.52,0.46,0.36,1.51,-0.19,-3.16,-0.51,-0.11,-2.38,-0.41,0.89,-1.35,-0.11,1.16,-2.3,-1.9,-0.07,0.35,-1.93,0.55,-2.23,-1.14,-0.54,-2.04,-0.44,1.76,-2.06,-2.1,-1.54,-0.71,-1.7,-1.0,-1.56,-2.08,-1.55,-0.3,-2.04,-0.16,-0.38,-1.44,-1.44,-1.26
-0.88,0.01,0.2,-1.02,-2.27,-0.49,-1.2,-1.53,-3.13,-1.47,-0.47,-0.74,-1.67,-1.27,-1.55,-0.78,-0.85,-1.45,-0.28,-0.33,-0.28,-2.14,-1.09,-1.29,-2.52,-1.24,-1.0,-1.47,-0.99,-0.67,-0.49,-0.29,-1.64,-0.49,-2.87,1.32,-1.07,-1.1,-3.25,-0.0,-0.63,-1.08,0.34,-0.35,-3.05,0.69,-1.48,-0.73,0.36,-1.11,-0.92,0.51,-0.31,0.32,0.1,-1.26,0.69,-1.1,-2.48,,-1.44,-1.94,1.51,-0.68,-1.47,-0.72,0.1,-1.42,0.12,0.7,-2.61,-3.95,-1.11,-0.31,0.15,0.22,-1.05,-0.1,-0.23,-2.64,-0.88,0.35,-2.24,-2.47,0.19,-1.66,-2.31,-0.74,-1.7,0.5,1.61,-1.54,-1.8,-1.0,-1.78,-1.67,-2.26,-1.31,-2.31,-2.12,-1.12,-2.07,0.87,0.4,-0.02,-0.5,-3.07
-2.44,-0.59,-1.06,-0.79,0.01,0.05,0.18,-0.4,-0.79,0.86,-1.02,-0.26,-0.07,-0.59,-2.48,-0.03,0.41,-1.34,-0.08,-0.95,-1.05,-0.73,-0.65,-0.07,-0.22,-0.11,-0.63,-1.41,-2.03,-0.81,1.29,-1.15,0.34,-0.54,-3.23,-0.09,-0.68,-0.46,-1.79,0.04,-1.57,-0.75,-0.17,-0.75,-1.7,0.02,0.14,0.13,-0.05,-0.43,-1.08,-0.57,-2.69,-0.44,-0.33,-1.16,-0.09,-2.22,0.34,0.26,,-2.72,-0.05,2.53,-2.26,-0.84,-0.61,-0.16,-0.92,-0.1,-2.24,0.35,-0.49,-1.72,-0.35,-0.35,-0.93,-0.96,-0.01,0.75,-1.29,-0.25,-0.69,0.06,0.15,-1.79,-0.2,-0.88,-2.01,1.03,0.86,0.44,-1.98,1.1,-0.92,-2.67,0.23,-0.56,-1.2,-2.24,-0.1,-2.57,-0.63,0.43,-1.67,-1.25,-1.74
1.07,0.33,-3.43,0.08,-0.02,-1.09,0.43,0.38,0.08,1.31,2.45,0.76,-0.07,1.24,2.29,-1.74,-1.76,0.65,-1.22,-2.46,-1.65,-3.34,-1.83,-1.29,-0.91,-4.49,-1.51,-0.92,-0.57,0.94,-0.35,-2.04,-0.64,-0.88,2.96,-1.38,-1.61,-1.77,1.05,-1.93,-0.56,1.9,-1.97,-3.22,2.83,-2.85,-0.95,-0.42,-2.15,1.11,-0.67,-1.72,0.64,-0.7,-1.18,0.84,-0.8,-1.57,0.82,0.76,1.73,,-3.25,3.09,1.92,0.29,-0.79,0.67,-1.9,-0.94,-3.97,1.07,-2.62,-1.09,-2.2,-1.99,-0.18,-3.29,-0.75,1.14,3.28,-2.63,3.91,2.16,1.15,0.47,-0.16,-1.44,0.91,-1.45,-2.02,1.09,0.47,0.16,1.16,-2.79,-0.7,-1.82,-1.07,0.24,-1.28,-1.62,-2.0,-1.65,-1.04,1.95,-0.63
0.83,0.11,-1.49,2.6,0.8,-0.5,-0.58,-0.61,-1.36,-0.1,-0.97,1.15,-1.74,0.03,0.26,-0.98,-1.44,0.67,-1.35,0.0,0.35,-2.45,-2.68,0.37,-0.02,-2.4,-0.26,-1.74,-1.4,0.65,-1.67,-1.93,-0.58,-1.91,-1.61,0.44,0.89,-2.0,-0.53,-1.61,-1.71,0.31,-1.09,-1.93,-0.8,-2.02,-0.66,-0.48,-2.4,-0.54,-0.65,-0.96,2.14,-0.39,1.21,0.95,-1.32,-0.91,-0.75,-2.79,-1.06,2.1,,-0.37,0.04,0.05,-1.9,-0.4,-5.94,-1.48,-3.01,-1.36,0.34,-3.22,-1.27,-1.69,-1.58,-2.69,-1.28,0.68,0.32,-2.74,-0.32,-1.71,0.56,-1.01,-0.83,-0.79,-0.27,0.02,-1.06,-0.28,0.71,-0.18,-0.58,-1.33,-1.19,-0.77,-1.41,-0.67,-0.96,-1.66,-0.77,-0.98,-2.13,0.13,-3.71
-1.25,1.53,-0.52,3.4,-3.45,-1.86,-2.27,-0.69,-0.48,-0.15,-2.01,-2.44,-1.13,-3.68,-0.7,0.56,1.64,-1.18,-3.39,-1.81,-1.4,-1.49,-0.48,-1.77,-1.52,2.11,-0.82,-2.4,-0.69,1.35,1.92,-0.39,-0.91,-1.89,1.08,1.51,-0.5,-1.68,-1.1,0.34,-0.35,-3.01,-1.73,-2.97,1.73,-1.72,-3.18,2.22,-1.4,1.53,-2.09,1.25,-2.51,-1.12,-0.94,-0.6,2.21,-1.29,-1.53,-0.95,-3.89,-4.38,-1.32,,-0.27,-1.89,-1.77,-2.07,-0.51,-1.92,-4.19,-0.25,0.39,-4.04,-0.31,-0.9,-1.59,0.29,-1.82,-1.47,-1.24,0.82,-0.55,-1.17,-0.44,-1.37,0.04,-0.67,-3.03,-3.1,-1.88,-3.26,-1.55,-1.21,-1.9,-0.09,-0.67,-1.81,-0.54,0.52,0.1,-1.41,-1.42,-0.55,-0.25,-1.74,-2.42
-0.37,-0.84,0.74,-2.74,-2.55,1.44,-0.15,-0.35,-2.02,-2.12,0.44,-1.06,-0.95,-1.58,1.88,0.08,1.02,0.77,-2.74,-3.27,-1.32,-0.88,-0.61,1.45,-0.89,-0.76,-0.35,-2.59,-2.11,-3.21,0.76,-0.56,-0.66,-0.44,0.33,0.17,-1.6,-2.17,-0.62,-1.9,-2.38,-2.03,-2.0,0.21,-0.28,-0.57,-0.13,-0.51,-0.11,0.15,-1.71,-2.1,-3.27,0.84,-0.5,-1.18,0.25,-2.39,0.06,0.13,1.08,-3.1,-1.39,-1.39,,-1.29,-1.52,0.92,-0.59,-1.24,-1.61,-0.96,0.06,-2.69,0.71,-1.1,-0.76,0.36,1.87,-1.18,-0.36,-0.72,-1.52,-0.6,-0.79,-2.47,1.16,0.31,-1.22,-4.41,2.21,-2.61,-0.28,-1.17,0.74,-0.32,0.01,0.61,-0.9,0.39,2.33,-1.43,-0.23,-0.1,-0.28,3.41,-3.56
-1.79,-3.02,-0.13,-2.65,0.91,-2.19,0.2,-1.66,-3.51,-0.53,0.21,0.22,-1.81,0.16,-0.21,-2.55,-3.63,2.41,0.78,0.47,-0.47,-1.43,-0.47,-1.17,-0.91,-2.96,-1.27,1.49,-1.3,0.4,-2.39,0.76,-1.41,-0.57,-4.35,0.03,-1.82,-0.17,-3.32,-1.49,1.14,-1.14,-0.47,-0.09,-2.63,-1.78,-0.49,0.96,-0.88,-1.09,0.73,-0.46,-1.11,-0.65,-1.23,-0.17,-0.99,-1.19,-3.26,-0.75,-0.3,-1.47,-1.41,0.12,-0.12,,-0.01,-0.2,-0.6,-1.06,-0.38,-3.17,0.76,2.35,-0.56,-0.27,-0.7,-2.88,-1.08,0.07,-0.69,-3.26,0.93,-1.0,-0.54,-1.07,1.47,-0.49,0.2,-0.06,-0.51,0.58,0.71,-3.38,0.23,0.23,-3.55,-0.63,0.44,-0.87,-1.48,-1.22,-2.3,-0.88,-0.61,-0.28,-0.73
-1.62,-1.74,-1.02,-1.97,-1.08,-1.1,-1.02,-1.0,-2.4,-0.34,-0.47,-1.25,-1.14,-1.11,-0.77,-2.1,-2.07,-0.95,0.05,-1.18,-0.01,-2.04,-1.32,-1.34,-2.27,-1.2,-1.27,-0.67,-1.43,-0.95,-1.0,-0.84,-2.29,-0.74,-2.53,0.51,-0.93,-0.78,-1.47,-0.78,-0.38,-1.2,-0.58,-0.44,-1.36,-0.65,-0.83,-1.83,-0.94,-1.44,-0.38,-2.28,-0.19,0.21,0.2,0.57,-1.0,-0.46,-2.08,-1.59,-0.64,-0.32,0.33,-0.02,0.03,-1.55,,-0.84,-1.64,0.9,-2.19,-2.32,-1.03,-0.12,-0.09,-1.77,-1.05,-1.83,-0.43,-0.03,0.79,-1.75,-2.48,-1.3,-1.08,-0.93,-3.29,0.62,-1.04,0.19,-0.31,-1.03,-2.06,-1.97,-1.38,-1.73,-2.15,-0.36,-1.73,-1.93,-2.58,-0.75,-0.26,-0.44,-0.23,-2.39,-2.79
-3.78,-1.05,-0.49,-1.35,-1.84,-0.47,-2.68,-1.72,-1.62,-1.12,-2.09,-3.2,-3.6,-1.58,-3.34,-1.65,-1.01,-1.66,-0.71,-0.43,-2.11,-1.31,-0.83,-0.88,-1.12,-1.55,-1.66,-0.61,-0.24,-2.44,-0.52,-1.11,0.49,-0.66,-4.41,-0.02,-1.81,-0.39,-2.94,0.94,-1.38,-1.34,-0.55,-0.01,-5.0,-0.61,-1.16,-2.13,-0.74,-3.68,-1.38,0.14,-2.34,-0.85,-1.58,-2.45,-0.31,-1.61,-2.71,-0.55,-1.51,-2.3,-1.7,-0.49,-2.89,-1.81,-1.47,,2.75,-1.99,-1.86,-2.09,-0.45,-0.27,-1.84,1.05,-1.16,-1.17,-1.26,-3.16,-2.06,0.97,-1.2,-2.24,-2.6,-2.21,0.45,-2.61,-1.56,-1.1,2.59,-2.34,-0.76,-1.75,-2.25,-2.63,-3.53,-2.28,0.16,-0.06,-3.2,-0.91,-3.07,-0.97,-1.18,-3.75,0.08
-1.19,-1.72,-0.95,-3.67,-0.37,-0.4,-0.27,-2.44,-2.76,-1.34,-0.03,-0.78,-2.88,-1.09,-1.03,-2.52,-2.15,-0.45,0.33,0.4,0.54,-0.2,0.41,1.38,-0.25,-4.2,-1.15,-0.23,-1.34,-0.24,-0.83,-0.69,-1.21,-0.95,-7.3,1.26,-1.69,1.42,-2.28,-1.65,-1.2,-1.18,-0.27,0.44,-2.6,0.41,1.2,-3.17,-1.9,-2.72,0.47,-1.51,-2.59,-0.31,1.68,0.15,-3.24,1.28,-3.1,-1.38,-0.19,0.78,4.66,-1.08,-0.65,-0.76,0.15,-4.67,,1.54,-1.62,-3.51,-0.74,0.61,0.38,-2.05,1.23,0.78,3.94,-0.54,0.37,-4.87,-0.3,-3.49,1.45,-1.3,-1.9,-1.16,2.69,2.51,1.35,-0.78,-0.05,-1.88,-1.44,1.14,-2.28,-1.42,0.9,-2.45,-1.44,-0.57,-1.36,-0.35,-1.42,-0.13,-1.64
-1.63,-0.61,-0.48,-2.11,-0.7,-1.64,0.45,-0.26,-2.86,-0.07,0.76,-0.25,-0.73,-1.36,-0.67,-0.67,-1.65,0.52,-0.67,-0.27,0.01,-1.56,-1.14,-0.51,-1.49,-1.96,-0.74,-1.47,-1.44,-0.04,-0.78,-0.9,-1.93,-0.99,-4.49,-0.2,-0.33,-0.33,-1.45,-0.54,-0.7,-1.88,-0.69,-0.68,-0.62,-1.48,-1.53,0.24,-1.1,-1.08,-0.13,-1.49,-1.75,-0.58,0.29,-0.07,-0.21,-1.14,-1.58,-2.24,-1.15,-0.3,-0.06,0.08,-0.18,-0.47,-2.43,-0.18,-2.95,,-2.01,-1.74,-0.8,-0.86,0.03,-1.1,-1.28,-1.07,-1.31,-0.28,0.26,-0.96,-0.77,-2.02,-0.32,-2.05,-1.45,-0.12,-1.24,0.62,0.34,-0.88,-1.63,-0.78,-0.78,-0.56,-1.4,-0.88,-1.06,-2.55,-1.54,-0.62,-0.9,-0.39,-1.86,-1.94,-3.41
0.46,0.08,-0.82,-1.21,0.4,1.32,-0.12,-0.35,-1.51,-0.81,0.49,2.6,-1.27,0.63,0.61,0.09,-0.32,-0.7,0.3,-0.13,1.07,-1.13,0.95,0.83,-1.1,-4.92,-0.69,-0.42,-1.7,-1.39,-0.86,-0.38,-0.31,-0.66,-2.64,0.55,0.47,0.36,-1.05,-1.08,-0.37,0.73,0.11,-1.49,1.48,-0.33,0.49,-1.1,-0.28,-0.75,0.45,0.5,-2.46,-0.63,0.63,0.1,-0.48,-1.98,1.38,1.16,1.06,2.14,1.66,2.21,0.02,-1.16,0.68,-0.37,0.21,0.37,,0.11,2.27,-2.01,0.58,-1.95,1.52,1.0,2.2,0.8,-1.45,-3.94,-1.02,0.58,1.49,-1.12,-0.13,-0.56,0.16,0.11,-0.9,0.64,1.39,-0.25,-0.03,0.49,-1.8,-0.44,-2.01,-3.55,0.29,-0.88,-0.15,-0.78,-1.2,-0.38,-1.7
-0.4,2.19,1.0,2.84,-2.73,-0.32,-0.98,-0.75,-2.46,-3.71,-0.42,-2.89,-3.1,-1.45,-0.49,0.83,1.49,0.85,-2.07,-0.88,-0.66,-0.77,-0.56,1.11,-1.3,-1.06,0.64,-0.66,-0.06,2.34,-0.16,0.96,1.56,-0.61,-0.01,0.65,-0.57,-1.02,1.3,-1.04,0.08,-0.84,-0.67,-1.53,1.89,-0.93,-2.44,0.27,-0.99,1.22,0.21,2.18,-1.47,1.04,0.8,-2.29,1.9,-2.52,-1.9,2.13,-1.9,-2.52,-0.63,-2.34,-0.98,1.07,0.26,-0.88,1.62,-0.34,-2.55,,1.24,-0.38,0.85,-1.01,-0.33,-1.51,-0.39,-3.21,1.33,-0.92,-0.34,-1.46,1.14,-0.79,0.11,-1.0,-0.67,-0.33,-0.19,-3.11,0.17,-1.37,0.08,1.81,-1.0,-2.17,-1.61,-0.69,-0.55,0.13,2.42,-1.22,1.42,-0.29,-2.01
0.16,-0.84,-0.56,-0.95,-2.21,-1.22,-0.97,-0.3,-1.42,-1.24,-0.57,-2.66,-1.21,-0.57,-1.68,-1.36,-2.78,-0.91,0.39,-0.94,-0.97,-1.75,-0.02,-0.87,-1.47,-2.91,-1.92,0.67,-0.99,-1.68,-2.06,1.18,-2.69,-1.32,-2.13,-0.27,-1.21,0.89,-2.33,-0.87,0.48,-0.57,0.46,-0.13,-2.12,-0.17,0.09,-1.91,0.07,-1.72,0.47,-1.15,0.07,-0.25,0.77,-0.83,-1.42,-0.48,-1.55,-0.25,-0.68,1.44,-1.71,-1.98,-1.46,-1.98,-0.4,-1.68,-0.66,-0.64,-3.67,-3.13,,-0.41,-1.1,-0.54,-0.32,-0.94,-1.26,-0.4,-2.07,-2.48,-2.07,-2.26,-1.11,-0.82,-2.45,-2.06,-0.91,-1.16,-0.56,-0.6,-0.0,-0.86,-1.79,-1.58,-2.28,-0.99,-0.13,-2.36,-2.27,0.36,-0.75,-0.87,-1.26,0.13,-0.87
0.73,-1.27,-1.1,-0.74,-1.79,1.28,-1.75,0.71,-2.1,-1.44,1.15,-1.41,2.3,-1.66,3.02,0.44,-0.27,-0.88,0.12,-1.22,1.24,-2.06,-1.9,-1.17,-0.33,-1.61,-2.25,-2.73,-2.74,-0.11,1.37,-1.61,-1.56,0.59,-1.96,-0.15,-0.1,-1.86,-3.14,-0.39,-1.86,1.1,-1.75,0.52,-0.52,-1.59,-1.09,0.78,0.91,0.9,-1.5,-0.46,1.35,-1.12,-0.51,0.95,0.26,-1.37,0.71,-0.95,0.58,-0.32,1.89,2.45,1.4,-3.63,-1.23,-1.57,-1.84,-0.53,-0.17,-1.5,-0.85,,0.6,-1.43,0.13,-2.31,-1.3,-1.83,2.1,-2.38,-2.44,0.1,0.04,-0.64,1.64,2.93,-1.52,-2.67,-0.9,-0.61,0.25,1.49,0.25,-0.1,0.53,0.82,-1.7,-1.13,-1.23,-0.18,0.68,-0.46,-0.57,-0.84,-4.99
0.75,-0.87,-0.14,0.53,-0.89,-1.09,-1.02,-0.41,-1.4,-2.14,-1.39,-0.43,-1.65,-0.92,-2.2,-1.01,-1.81,0.26,-0.56,-1.36,0.33,-1.08,0.26,-0.96,-1.95,-0.89,-1.19,-1.93,-1.54,-2.66,-0.76,-1.1,-1.92,-2.1,-1.39,0.24,-1.05,-0.32,-1.07,-1.06,-1.44,0.09,-0.37,-0.06,-0.75,-1.65,-0.37,-0.95,0.79,-1.97,-1.76,-1.82,-0.84,-0.08,-0.74,-1.72,-0.3,-0.36,-1.51,-1.57,-0.93,1.05,-0.55,-1.55,-2.23,-1.04,-1.44,-0.31,-1.92,-1.58,-2.19,-3.06,-0.41,-2.07,,-0.18,-0.37,0.21,0.4,-0.81,-0.66,-0.84,-0.39,-1.27,-1.64,-1.67,-0.12,-1.32,-1.93,-2.77,0.62,-0.45,-0.57,-1.58,-2.12,-2.41,-0.7,-0.27,-1.49,0.62,-1.01,-2.44,-2.91,-0.29,-0.28,-0.11,-2.28
-1.18,-0.36,-0.35,-0.53,-0.83,-1.86,-0.37,-0.55,-1.21,-2.54,-0.83,-0.07,-0.73,-0.42,-0.47,-1.8,-2.25,-0.84,-1.14,-0.37,0.36,-0.19,0.12,0.61,-0.62,-1.92,-1.09,-0.49,-0.9,0.48,-1.22,-0.86,-2.27,-0.95,-1.49,-0.02,-1.3,-0.18,-1.7,-0.93,-0.08,1.14,-0.69,-2.36,-0.07,-1.11,-1.26,-0.97,-1.26,-1.02,-0.98,-1.07,1.06,-0.99,-0.56,0.74,0.31,0.38,-2.56,-1.66,-0.93,0.79,0.33,-0.8,-0.3,-1.19,0.24,-3.14,0.7,-0.43,0.39,-1.03,-0.78,0.14,-1.3,,-0.45,0.43,-1.5,-0.36,-0.26,-2.13,-0.71,-2.1,0.18,-1.52,-3.54,-0.53,0.6,0.53,-2.39,-0.29,-0.54,-1.44,-0.85,0.8,-2.55,-0.98,0.2,-0.5,-1.59,-0.15,-0.07,-1.04,-1.46,-1.26,-3.61
-2.19,-0.92,-0.82,1.01,-0.88,-0.1,-0.13,-0.91,0.66,-0.1,0.06,-0.71,-1.1,-0.74,-0.56,-1.01,-0.96,0.26,0.19,0.21,-0.36,-2.31,-0.58,0.33,-1.3,-2.82,-1.68,-0.68,-1.6,0.06,0.09,-0.7,-0.25,-1.02,1.01,-0.93,-0.69,-0.28,-0.63,-1.65,-1.09,-0.2,-0.87,-0.79,0.64,-0.63,-0.22,-1.68,-1.17,-1.36,-0.34,-1.06,-2.14,-1.82,-0.61,0.65,-0.95,-0.71,-0.11,-0.19,-0.12,-0.84,0.38,0.1,-0.44,-0.61,-0.2,-0.65,-2.42,-0.03,-2.85,-1.43,-0.86,-1.32,-0.98,-0.75,,-2.08,-0.23,1.05,-0.54,-3.12,-1.26,0.13,0.61,-1.1,0.39,0.09,-0.39,-0.38,-0.21,-0.22,0.81,0.29,0.02,-0.29,-0.07,-0.89,-0.26,-0.34,-0.69,-0.85,-0.61,-0.83,-1.58,-0.21,-1.28
-1.16,-0.38,-0.53,-1.36,1.87,-0.15,-0.67,-0.44,-1.38,-2.63,0.73,-0.95,-2.37,1.39,0.27,-2.51,-1.9,-0.45,-0.98,-0.22,0.51,-1.75,-0.01,-0.13,0.32,-2.59,-2.08,0.5,0.12,0.58,-0.83,0.92,-0.24,-1.28,-1.73,-1.22,-2.12,0.43,0.58,-1.86,-0.0,0.01,0.16,-0.63,-1.07,0.07,0.85,-3.25,-1.33,-3.32,1.12,0.39,0.04,-0.9,0.9,-0.51,-2.2,0.92,-1.31,-1.07,-0.12,2.32,1.48,-1.71,-1.6,1.69,0.56,-0.6,-1.91,-0.26,-2.19,-0.07,-0.24,1.17,-1.56,-1.61,1.01,,-0.78,0.66,-0.9,-1.49,-0.62,-1.61,0.46,0.11,-2.4,-1.34,-0.1,1.37,-1.12,0.44,-0.25,-1.0,-0.67,-0.34,-3.18,-0.72,-0.76,-2.64,-1.38,-0.22,-0.14,-1.06,0.94,0.64,-1.21
-2.98,-0.31,0.31,-1.4,0.41,-1.44,-0.42,-0.95,-2.08,-1.53,0.51,-1.2,-2.54,-1.72,-3.37,-0.89,-1.92,0.23,0.35,-0.26,-0.53,-2.33,0.31,0.04,-1.22,-2.15,-2.57,0.01,-0.54,0.03,-0.02,-0.39,-0.49,-1.15,-5.27,-0.32,-1.39,-0.24,-1.07,-0.22,-0.62,-0.56,0.26,0.12,-1.4,-0.55,-0.25,-0.21,-0.41,-2.71,-0.43,-0.55,-1.81,-0.29,1.64,-1.52,-0.6,0.44,-2.78,-1.0,-1.09,-0.28,-0.04,0.21,-3.2,-0.17,-0.89,-0.66,-5.07,-0.07,-3.56,-1.53,0.02,0.18,-1.68,0.14,-0.9,-0.35,,-0.07,0.14,-0.68,-1.55,-3.07,0.62,-1.94,-2.67,-1.56,-1.76,2.34,0.86,0.01,-1.29,0.28,-2.05,-1.42,-1.44,-1.04,-0.66,-2.58,-1.75,-1.35,0.15,-0.2,-0.69,-3.41,-1.78
-2.07,0.97,-2.01,2.53,-0.69,-0.41,-1.21,-1.13,-0.15,2.2,-0.9,1.04,3.91,-0.66,-1.01,0.44,1.24,-2.36,-1.88,-0.66,-0.98,-1.62,-2.19,-0.11,-2.36,-0.67,-0.03,-2.05,-1.95,-0.17,-0.67,-2.8,0.34,-2.45,1.5,-0.29,0.3,-2.19,-1.56,-0.72,-0.19,-0.29,-1.89,-2.76,0.1,-1.39,-1.75,0.25,-2.25,2.26,-1.24,-1.71,0.56,-0.77,-0.6,-1.86,0.35,-2.11,0.83,1.39,-1.86,-2.15,-1.98,-0.07,-0.06,-1.35,-1.32,1.31,-0.7,-1.07,-2.16,1.42,-0.96,0.63,-0.54,-0.94,-2.23,-1.82,-1.19,,-0.63,-1.49,-0.29,0.79,0.11,-1.48,1.79,-1.53,-4.36,-0.83,-1.15,-0.8,0.46,-0.77,-0.11,-0.24,1.14,-2.11,-3.84,-1.53,-1.42,-1.92,0.87,-0.92,-2.6,-0.84,-3.47
-0.31,1.21,-0.05,-2.66,-0.71,0.03,-0.13,-0.35,-5.32,0.22,-0.7,-0.95,-0.04,-2.02,-0.98,0.83,-0.15,-1.43,-1.24,-1.87,-1.55,-0.08,-2.2,-0.89,0.74,0.59,-2.23,-2.46,-2.36,0.02,0.99,-1.14,-2.67,-0.66,-0.48,0.01,-0.63,-0.84,-0.2,0.8,-0.69,-1.21,-2.6,0.36,1.97,-1.44,-1.91,2.07,0.15,0.83,-0.98,2.15,-1.49,-0.06,-0.46,-0.33,1.9,-1.8,0.32,-0.49,0.18,-4.37,-1.66,-0.48,-0.95,-0.56,-2.19,0.07,-1.61,-1.71,0.04,-3.31,0.79,-3.36,-0.78,-1.14,-0.68,-0.25,-1.4,-0.62,,0.86,0.88,-1.29,-2.26,-0.99,1.33,0.71,-0.65,-2.14,0.99,-2.61,1.23,-0.88,-1.87,-1.87,-1.14,-0.68,1.21,-1.1,0.13,-0.56,-0.23,-0.57,-0.01,0.78,-1.09
-0.18,-0.42,-0.4,-0.07,-1.4,-0.8,0.69,-0.6,-1.29,-2.58,0.32,0.23,-1.94,-2.18,-1.9,-0.82,-0.98,-2.69,-0.55,1.45,-0.66,1.9,0.9,0.54,-0.62,-1.44,0.16,0.86,1.41,1.19,-2.57,2.83,-0.73,-0.26,-1.07,0.36,-0.79,1.21,0.0,-2.09,-0.09,-0.77,0.84,-0.66,-0.1,-0.23,-0.48,-1.83,-0.05,-0.7,0.54,0.84,-0.99,-2.35,-1.61,-1.38,-2.16,1.37,-2.21,-2.2,-1.29,0.82,0.93,-3.19,-1.09,1.32,-0.23,-3.82,3.18,-1.0,1.0,-1.95,0.74,0.07,-1.15,0.2,1.46,-0.02,-1.06,-0.15,-2.77,,-4.19,-2.91,-1.28,0.69,-0.41,-0.29,-0.12,1.22,-1.78,0.03,0.45,0.11,-0.91,2.37,-0.46,-1.09,1.63,-1.57,-0.03,0.35,-0.09,-0.9,0.61,-1.05,-2.14
-1.56,-2.88,0.94,-2.44,-0.11,-0.74,-0.13,-0.35,-3.28,-1.26,-1.18,-0.55,-2.09,0.11,-0.73,-3.86,-2.25,1.38,-0.63,-1.46,-2.08,-0.42,-0.54,-1.82,-0.33,-0.5,-1.28,2.02,-0.42,-2.1,-1.69,0.95,-1.02,0.91,-3.04,-0.08,-3.26,-1.37,-3.94,-0.52,-0.09,-0.91,-0.38,-2.0,-4.26,0.8,1.14,-1.55,0.71,-2.4,1.66,-0.01,-2.14,0.53,-0.55,-0.2,1.72,-4.14,-1.61,1.14,-0.28,-4.88,-0.76,-0.74,0.52,-2.0,1.34,-0.36,-0.76,-0.38,-0.09,-1.18,0.96,1.46,-0.74,-0.47,0.29,-0.33,0.56,-0.73,-1.87,2.79,,-2.02,-1.0,-1.05,-0.14,-2.9,1.28,-0.58,0.88,0.9,-4.18,-0.98,-0.28,-5.82,-3.34,0.44,-0.84,-2.4,-2.44,-2.04,-0.98,0.61,-1.8,-3.02,-0.59
-1.97,0.19,0.24,1.57,-1.78,-0.01,-1.22,-1.04,-0.52,0.4,-1.06,-1.43,-0.85,-1.4,-1.93,0.16,1.26,-2.17,-1.36,-1.62,-1.75,0.44,-0.68,0.18,-1.59,-0.01,1.32,-1.49,-0.5,-0.28,-0.38,-2.57,-0.47,-0.64,-2.02,0.35,0.03,-2.04,-0.36,0.92,-0.81,-0.13,-0.38,-1.8,-0.41,-0.57,-1.93,-0.16,-0.57,0.81,-0.6,-1.03,-5.03,-0.31,-0.74,-2.32,2.38,-2.47,-0.05,0.77,-1.41,-3.52,0.04,-0.94,-1.04,-0.8,-0.59,-0.18,1.9,0.17,-2.58,-0.95,0.62,-1.77,-0.65,0.35,-1.67,0.1,1.39,-2.26,-0.39,0.57,0.68,,0.01,-1.94,-0.45,-1.4,-2.63,-0.14,1.41,-2.03,-3.03,-1.38,-1.08,-0.74,-1.47,-2.13,-1.23,-1.81,-0.07,-1.16,-0.64,-0.57,-1.72,-2.52,-0.72
-1.77,-0.66,0.39,-2.15,-1.71,-1.75,0.42,-1.39,-1.89,-0.11,-0.22,-0.46,-0.05,-2.17,-1.49,-1.35,-1.86,0.81,-0.38,-0.7,-1.49,-2.35,-1.43,-0.2,-2.4,-1.69,-1.96,-1.51,-1.17,2.15,-1.71,-0.94,-1.4,-1.6,-2.2,-0.33,-0.84,-1.7,-1.03,-0.98,-0.81,-0.93,-1.62,-1.33,-0.63,-1.42,-1.99,-0.22,-1.86,-1.06,-1.91,-2.41,-0.16,-0.9,-0.12,0.44,1.4,-0.9,-2.16,-1.56,-1.31,-2.26,-1.99,-1.26,-0.61,-0.8,-0.35,0.54,-2.71,-1.15,-2.9,-3.12,-0.21,-1.32,0.17,-1.58,-1.83,-1.59,-1.86,-1.39,0.92,-0.6,-0.11,-1.69,,-2.48,-0.84,-1.08,-2.46,0.12,1.8,-1.66,-2.05,-2.29,-0.64,-1.58,-1.87,-1.17,-1.32,-1.69,-1.7,-1.31,-1.07,-1.14,-1.16,-1.7,-1.89
-0.81,0.29,-0.18,1.19,0.07,0.47,-0.53,0.06,-0.19,-0.87,-0.22,0.46,-0.84,0.54,2.58,1.03,-0.24,-0.44,-0.29,0.63,0.86,-1.32,-0.58,0.16,-1.56,-3.27,1.12,-0.3,-0.61,1.25,-0.2,-0.54,-0.92,0.39,1.33,-0.03,1.14,-0.85,-0.9,-0.93,-0.47,1.24,0.29,-1.8,0.02,-1.06,-1.19,0.59,0.37,1.46,-0.42,-2.61,5.54,-1.28,-0.4,1.57,0.14,-0.66,0.4,0.21,0.58,-2.27,-0.42,-0.46,1.07,-0.42,-0.61,0.08,-0.09,0.46,-1.72,-1.38,-0.54,-1.49,-0.0,0.01,-0.28,-1.39,0.5,0.12,-0.44,-3.43,-0.08,0.16,1.04,,-1.43,0.28,-0.38,-0.19,-0.7,-0.1,-0.05,-1.38,0.94,1.44,-0.16,-0.65,-0.73,-2.01,0.58,-0.85,-0.48,-1.7,-1.63,-1.97,-0.96
-0.4,-0.46,0.13,0.99,-3.45,-0.61,-4.7,-1.61,-1.6,-3.11,-1.97,-2.02,-2.87,-0.54,-1.99,-0.74,0.07,1.3,-2.53,-5.37,-1.86,-1.01,-0.89,-0.1,-3.07,-1.7,-0.81,0.12,0.16,-1.07,-1.52,-2.45,0.5,-3.06,1.1,1.5,-0.51,-3.71,-0.38,-0.82,1.02,0.87,-2.49,-0.7,2.17,-0.41,-1.0,-1.57,-0.36,0.27,-0.7,-0.98,-2.41,0.35,0.78,-3.99,1.54,0.3,-0.57,0.82,-1.05,-1.01,-0.72,-1.95,-2.73,-2.89,1.75,-2.7,0.48,-0.2,-1.43,-2.37,0.99,-3.04,-1.49,1.99,-1.74,1.12,1.26,-3.2,-2.77,-1.65,-1.02,-1.42,-0.68,-0.17,,-3.24,-0.28,0.17,1.04,-0.11,-2.13,-2.97,0.66,-1.56,0.3,-0.74,-4.73,-2.79,-1.26,-1.67,-0.64,-1.39,-1.65,0.01,-0.53
-1.82,0.61,-0.13,1.13,-2.91,-0.42,-0.7,-0.74,1.35,0.35,-1.61,-0.23,-2.46,-2.77,-0.75,0.61,0.25,1.39,-2.85,-3.04,-0.01,-1.19,-1.09,2.93,-1.37,-2.03,-0.34,-2.33,-2.14,-0.4,-0.97,-1.24,0.77,-2.59,0.88,0.43,-0.94,-2.84,1.02,-2.47,-1.26,-2.45,-2.6,-2.3,1.46,-3.15,-2.15,-0.62,-0.91,1.36,-2.47,-2.5,-2.29,0.79,-1.03,-2.32,-0.06,0.04,-1.26,-0.87,-0.4,0.15,-0.77,-1.34,-1.88,-1.13,-2.26,0.37,-0.37,-1.58,-1.22,-1.25,0.53,-4.37,-0.54,-1.13,-1.52,-0.04,0.15,0.2,-2.23,-1.8,1.64,-0.56,-0.49,-2.0,1.45,,-1.59,-2.66,-0.81,-1.64,0.69,-2.57,-0.67,-1.64,-1.0,-1.09,-0.6,1.21,0.16,-2.56,-2.47,-1.39,-1.13,1.91,-2.84
-1.52,-0.78,-1.2,-1.68,0.19,1.04,0.18,1.73,-2.82,0.62,0.02,-1.88,1.46,0.89,2.06,-0.43,-1.49,-1.96,1.08,-1.58,0.84,-3.54,-0.95,-1.5,0.14,-1.88,-1.75,0.06,-1.72,-0.51,0.92,0.08,-0.67,-0.59,-0.94,-0.16,-0.31,-0.18,-3.43,-0.59,-1.41,-0.04,-0.69,-2.37,0.6,0.35,1.04,-0.14,-1.29,-0.15,1.43,-0.49,0.71,0.11,0.19,1.39,-0.33,-2.53,0.78,0.67,1.09,-2.05,-0.73,1.82,0.24,-1.23,0.0,0.13,-3.63,0.13,-1.83,-0.77,-0.07,0.22,0.82,-1.58,-0.56,-0.8,0.86,3.4,-0.32,-1.7,-2.13,1.39,1.45,-1.31,-0.84,0.48,,-3.01,-1.15,0.55,0.79,0.81,0.26,-1.28,-2.05,0.77,-0.7,-2.96,-1.19,-2.56,-0.31,0.14,-1.36,0.29,-2.83
-0.34,-0.71,-1.78,-0.88,2.57,-1.69,-1.27,0.82,-3.87,-1.69,1.13,0.34,1.32,1.01,1.18,-0.1,-3.19,0.26,-1.05,0.58,-0.45,-3.59,-0.55,-1.2,0.21,-3.16,-0.4,-0.52,0.1,-1.54,-1.36,-0.02,-1.15,-1.64,-0.77,-0.47,-0.3,-0.8,-3.74,-1.05,0.29,0.21,-1.67,-1.67,-2.33,-2.07,-0.99,1.28,-2.97,2.73,0.46,-0.85,5.35,-1.21,0.13,2.87,0.14,-2.84,-1.08,-1.74,-2.2,0.4,-1.4,1.54,3.19,-1.26,-1.55,-0.72,-3.75,-2.02,-1.42,-1.51,-0.1,1.49,1.46,-1.83,-0.81,-2.53,-3.54,-0.33,0.94,-2.93,-0.41,-1.37,-1.36,-1.16,-1.52,1.24,2.09,,-1.32,0.23,-0.35,0.1,0.02,-0.12,-2.28,-1.45,-1.31,-1.69,-1.03,-0.4,-2.21,-1.14,-2.55,-1.0,-3.87
0.15,-2.89,0.73,-4.22,-1.52,-3.12,-1.68,-1.49,-2.44,-0.83,0.53,-1.02,-0.68,-1.78,-3.04,-2.52,-2.3,-1.58,-1.08,-0.09,-0.31,-0.04,1.24,-1.94,-1.25,-1.1,-2.25,-0.22,0.32,-0.76,-0.79,-0.85,-1.71,0.52,-4.37,-0.46,-2.3,0.43,-2.58,-0.74,0.97,-1.5,-0.4,-0.23,-2.99,-1.23,-1.24,-1.05,0.14,-1.15,-0.67,-1.18,-2.57,-0.08,-0.97,-2.13,0.82,-0.52,-3.23,-2.86,-1.97,0.99,-0.28,0.37,-3.5,-0.68,-1.03,-4.45,-2.5,-1.74,-0.44,-1.5,-0.72,-0.31,-2.0,1.11,-0.88,-0.01,-1.99,-0.02,-2.22,0.14,-1.82,-2.93,-2.92,-0.67,-2.38,-0.68,0.21,0.12,,-0.81,-2.36,-0.13,-2.27,2.07,-1.94,-0.23,0.72,-2.38,-0.73,-0.78,-1.11,0.12,-0.5,-3.44,-2.58
-0.68,-0.86,-1.14,0.97,-0.48,0.0,-2.03,-0.46,-0.12,0.94,-1.51,-3.03,2.01,-1.38,0.83,-0.57,-0.72,-1.57,-1.03,-0.91,-1.51,-2.16,-2.0,-0.94,-1.33,-1.8,0.39,-1.24,-0.91,-0.85,-1.53,-1.23,1.15,-0.98,-2.7,-0.91,0.44,-2.09,-2.18,-0.65,-1.18,0.76,-1.53,-2.28,-3.01,-1.15,-1.24,0.61,-0.64,0.63,-0.64,-1.28,1.87,-1.46,-0.32,1.53,0.36,-3.4,0.44,0.19,-1.63,-2.24,-1.13,1.53,1.21,-1.99,-0.48,0.32,-0.57,-0.67,-2.18,1.01,-0.77,-0.65,-1.16,-1.17,-1.01,-1.64,-1.31,-0.53,1.23,-1.92,-2.01,0.32,0.21,-1.37,-1.4,0.07,-1.6,-1.56,-0.41,,-2.3,0.35,-0.25,-2.21,0.79,-1.29,-2.7,-3.61,-1.9,-1.61,-1.29,-1.29,-2.89,-2.18,-2.53
-0.28,-0.52,-1.29,-0.2,-1.18,0.48,-1.39,-0.32,-0.54,0.43,-0.56,-0.75,-1.38,0.98,-0.43,-0.63,-0.46,0.46,-0.82,-3.13,-2.27,-3.39,-1.21,-0.29,-0.52,-2.94,-1.08,-0.65,-1.32,-1.44,-0.6,-1.5,0.07,-1.65,-1.06,-0.35,0.47,-3.28,-1.3,-0.65,-1.02,0.19,-1.88,-1.49,1.02,-1.62,-0.74,0.05,-0.95,-0.7,-1.02,-0.95,-2.08,0.91,0.36,-1.15,0.94,-0.82,0.71,0.59,0.9,-1.6,-1.92,0.13,-0.99,-1.95,0.75,-0.94,-1.15,0.25,-2.71,-1.77,-1.14,-1.4,-0.83,-0.67,-1.93,-0.9,0.13,-1.68,-2.36,-2.04,3.17,1.6,0.86,-1.21,0.78,-2.12,-1.67,-0.78,1.28,0.96,,-0.67,0.17,-3.8,-3.09,-1.06,-1.65,-1.61,-0.83,-2.15,0.03,0.06,-2.19,1.05,-0.8
-0.9,1.45,-1.27,2.39,-2.52,-2.21,-2.36,-0.96,0.84,-0.52,-1.72,-1.3,-0.55,-2.74,-0.45,0.58,0.38,0.01,-3.26,-0.51,-0.64,-1.87,-1.26,0.64,-1.17,-2.24,1.01,-1.41,0.01,1.95,-0.48,-1.56,1.01,-2.03,3.04,0.16,0.19,-2.78,0.28,-2.04,-0.69,1.03,-2.39,-3.1,2.45,-2.46,-2.83,0.95,-1.29,1.99,-0.95,-0.58,0.61,-1.23,0.59,-0.66,-0.17,-0.94,-0.27,-0.7,-2.45,-1.5,-1.55,-0.79,-0.54,1.84,0.22,-0.64,0.29,-1.06,-1.56,-1.01,-0.79,-3.06,-0.19,-0.22,-1.84,-0.42,-1.86,-0.8,-0.77,-2.29,-0.36,-0.59,0.63,-0.41,1.16,0.72,-2.08,-1.63,-1.35,-2.01,-0.85,,-0.64,-0.15,1.94,-1.39,-1.54,-1.28,-1.32,-1.67,-0.51,-2.18,-2.37,-0.48,-2.22
-1.2,-0.3,0.2,-1.53,-2.24,-0.01,-1.65,-1.2,-0.59,-0.57,-0.84,-1.78,-1.37,-2.84,-1.95,0.47,-1.14,0.2,-0.26,-1.43,-1.28,-1.46,-1.1,-0.07,-1.65,-1.0,0.4,-0.89,-0.57,-0.36,-0.88,-0.76,-0.98,-1.28,-1.8,1.26,-0.76,-1.33,-1.93,-0.13,-0.89,-0.62,-1.53,-2.08,-0.16,-0.67,-1.09,1.12,-1.03,-0.55,-1.26,-0.02,-1.88,-0.08,-1.0,-1.45,0.4,-0.75,-1.08,0.21,-0.39,-2.53,-1.05,-0.0,-2.29,-1.91,-0.36,0.07,0.01,-0.83,-1.7,-2.18,0.27,-1.7,0.31,-0.81,-1.35,-0.69,0.56,-1.32,0.36,-1.2,-1.02,-0.85,-1.0,-2.58,-2.41,-1.07,-1.36,-1.4,0.85,-1.26,-1.52,-1.24,,-1.82,-2.27,-0.96,-1.53,-0.73,-1.25,-0.97,-1.95,-0.19,-0.91,-1.08,-1.64
1.64,-1.09,-1.93,-3.56,-1.85,0.36,0.81,-0.15,-1.97,-2.38,2.4,-3.82,-2.14,2.96,1.58,-0.73,-3.52,2.1,0.99,-1.4,-0.3,-2.5,-0.29,0.86,0.73,-4.16,-1.19,-1.46,-2.2,-2.28,0.6,-0.15,-1.84,-3.19,-0.09,-0.07,0.71,0.92,-0.74,-2.15,-2.03,-0.97,-1.03,0.05,-0.57,-1.51,0.9,-0.33,-2.19,-1.88,-0.03,-1.89,2.01,-0.26,0.15,1.61,-1.88,-0.11,0.22,0.53,1.63,1.79,0.16,-1.25,-0.79,-1.44,0.6,0.92,-2.33,-0.76,-1.77,-3.44,0.39,-1.0,1.16,-2.02,-0.76,-0.7,0.3,-0.89,0.71,-3.9,4.92,-0.66,0.33,-2.61,0.24,0.28,0.39,-0.94,-3.2,1.01,2.76,-1.17,0.44,,-1.48,-1.0,-0.99,-0.37,1.28,-0.57,-3.08,-0.51,-1.02,3.14,-2.43
-0.64,1.96,0.97,1.75,-1.42,-0.53,-0.94,-0.67,-0.88,-0.83,-1.49,-1.11,-3.84,-1.86,-1.75,1.0,0.32,1.99,-2.78,-0.1,0.25,-0.67,1.01,2.46,-1.73,-3.3,0.79,-0.31,0.64,2.35,0.68,-0.73,1.93,-1.19,0.16,0.7,0.19,-1.02,1.69,-0.71,1.25,0.06,-1.53,-2.15,1.95,-2.45,-2.86,0.0,-1.45,-0.17,-0.26,0.93,-1.37,0.4,1.26,-1.71,1.31,0.65,-1.35,0.52,-1.64,-0.71,-0.62,-1.8,-1.88,1.67,0.32,0.67,0.57,-0.58,-0.49,-2.06,0.51,-2.28,-1.25,0.65,-1.62,1.64,-0.31,-2.79,-0.74,-2.37,1.99,-0.89,0.13,-2.01,-2.46,-1.23,0.7,0.63,0.37,-2.71,1.58,-4.18,0.14,-0.08,,-1.6,-2.41,-1.09,-0.85,0.38,-1.0,-2.03,-0.53,-1.02,-0.82
-1.69,0.94,-0.94,1.21,-0.53,0.22,-0.09,-0.12,1.04,-0.34,-1.48,0.03,-0.42,-0.74,-0.83,-0.52,0.83,-1.12,-0.62,-1.22,0.37,-0.4,-0.46,0.29,-1.32,-1.75,-1.05,-1.77,-1.64,-0.6,-0.02,-1.22,0.01,-1.18,1.1,0.03,-0.28,-1.16,-0.35,-0.56,-1.53,1.42,-0.56,-1.36,0.55,-0.66,-0.51,-0.71,-0.54,0.54,-1.85,-0.66,-1.7,-0.91,-0.08,-1.34,-0.32,-0.06,0.04,0.07,-0.56,0.29,-0.58,0.2,-1.94,-0.72,-1.04,0.47,0.22,-0.59,-2.0,0.36,-0.26,-2.68,-1.23,-0.36,-0.23,-0.43,-0.19,0.91,-0.61,-1.26,-1.55,0.51,-0.12,-1.64,-0.63,-0.37,-2.29,0.25,-0.95,-0.07,-0.04,-0.13,-0.47,-0.13,-0.09,,-0.69,-0.11,-0.25,-1.38,-0.06,-0.83,-1.02,-1.07,-1.57
-2.39,-1.15,-1.39,-1.32,2.35,-0.6,0.96,-1.99,-1.09,0.43,-0.8,2.29,-1.99,1.0,-0.05,-2.85,-1.66,-0.37,-0.34,-0.39,0.7,-0.37,-0.53,1.11,0.15,-2.4,-0.88,0.15,-1.02,0.7,-0.77,-2.63,-0.66,-1.4,-3.69,-0.18,-1.2,-0.49,-1.58,-1.0,0.42,-1.42,-2.13,-0.78,-0.21,-1.16,0.72,-1.33,-1.62,-3.21,0.18,-0.45,-0.47,0.09,-0.03,0.56,-4.23,-1.25,0.53,1.04,0.13,-0.04,0.14,-1.05,-0.35,-1.65,0.39,-1.95,-2.04,-0.32,0.68,-0.14,-1.05,0.5,-0.02,-1.52,-0.9,-0.31,-0.46,2.64,-2.38,-3.27,-0.15,-0.29,0.13,-0.6,3.52,-0.81,-0.26,0.15,-1.88,1.44,0.47,0.02,0.11,-0.07,0.78,-0.47,,-2.66,-0.85,-0.81,-2.24,-0.58,-2.23,-0.52,-3.55
-0.36,1.5,0.33,-0.59,1.05,-1.31,2.97,0.32,0.12,-1.53,-1.86,2.16,-2.71,1.85,-2.53,-0.55,-1.22,2.3,-0.64,-1.74,-0.65,-0.04,1.15,1.45,-0.21,-4.14,0.01,1.54,0.38,1.36,-1.75,-0.04,0.24,0.28,-1.08,0.27,0.51,1.76,-1.03,-1.07,-1.08,-0.12,0.5,-1.0,-0.56,-0.49,0.19,-0.28,0.05,-1.92,1.03,-0.48,-3.62,-0.14,-0.99,-1.63,-0.56,-0.59,-0.2,0.75,1.05,-1.96,-0.74,-2.35,-1.77,-0.54,0.44,-2.09,1.07,1.08,1.09,-1.59,1.04,-0.85,-2.12,-0.93,-0.93,1.51,1.24,0.21,-0.24,-1.11,1.33,-0.02,0.31,-0.53,1.28,-2.9,1.44,0.45,1.15,2.14,0.41,-0.42,-0.84,-0.78,-0.99,-2.12,1.36,,-0.95,-0.81,-0.14,-1.37,-2.27,-0.65,0.89
-1.8,-0.91,0.09,-1.88,-5.12,-1.02,0.12,-2.92,-0.53,-0.9,-1.29,-3.57,-2.79,-1.24,-2.48,-0.17,-0.77,2.23,-0.66,-0.76,-1.78,-1.47,-0.75,0.37,-1.83,-2.86,0.18,-0.04,0.55,-1.48,-0.38,-0.82,0.28,-2.82,-1.54,0.64,-0.25,-1.18,-0.53,-1.23,-2.03,-0.93,-1.34,-1.03,-0.45,-0.98,-0.06,0.33,-2.07,-0.93,0.32,-1.62,-0.33,0.99,0.97,-2.34,0.03,0.2,-1.47,-0.51,-1.28,-0.01,-0.58,-2.06,-3.94,-0.09,0.81,0.82,-0.19,-0.22,-2.07,-1.77,0.65,-0.29,-0.89,-0.24,-0.83,-0.04,0.26,-0.11,-1.7,-2.02,1.03,-1.97,0.25,-2.46,-0.57,-2.0,-0.1,-0.45,-0.73,0.23,-0.44,-0.53,-0.76,-2.93,-1.31,-1.07,-0.67,-0.72,,-2.28,-2.4,-1.02,-0.56,-0.07,-0.76
0.73,-0.69,-0.52,-0.55,1.11,0.14,-1.19,0.61,0.07,-2.06,-0.32,-0.96,-1.54,0.23,1.95,-0.34,-2.03,0.34,-0.31,0.58,1.06,-2.28,0.05,0.64,-0.25,-4.06,-0.23,-1.37,1.37,-1.44,-1.35,1.03,-1.01,0.17,-0.42,0.27,-1.28,-1.65,-1.62,-1.02,-0.91,0.74,1.0,-1.88,0.72,-0.85,0.47,1.51,0.59,-0.95,-0.07,0.78,2.45,-1.27,0.28,2.06,-1.93,0.9,0.63,0.83,1.47,0.08,0.42,0.0,0.27,-0.08,-0.46,-0.79,-0.63,-0.67,-1.49,-1.83,-1.52,-1.63,1.14,-1.08,-0.3,-0.87,0.22,0.85,-0.57,-2.6,1.01,-0.36,0.14,-1.35,0.32,1.15,1.19,-0.86,-0.36,0.38,1.0,0.15,-0.37,-0.52,-2.03,-0.55,-0.33,-1.22,0.71,,-1.42,-1.49,-0.42,-0.25,-0.71
0.19,-0.47,1.41,-0.47,-1.98,-2.06,1.46,-0.44,-5.64,-2.9,1.75,-0.94,-2.49,-0.49,0.15,-0.61,-1.92,-1.05,-0.87,-0.01,-0.56,-1.48,-1.06,-1.14,-1.88,-2.64,-1.77,-0.89,-0.51,0.88,-0.44,0.03,-2.98,-0.42,-0.12,0.79,0.3,0.18,0.5,-1.09,1.3,-1.24,-0.32,0.09,2.11,-0.4,-1.1,0.21,-1.36,0.5,-0.76,-0.06,-0.21,-1.73,-0.39,-1.21,-0.33,-2.15,-1.34,-2.12,-0.53,0.94,-0.48,-0.15,-1.04,0.97,-1.13,1.17,0.11,-0.44,-1.23,-4.23,-0.47,-1.86,1.47,-1.23,-0.54,-0.96,-1.37,-2.08,-1.02,-1.62,-0.05,-0.92,-0.24,-0.9,-0.78,0.94,-0.62,0.97,-0.07,0.01,-1.2,-1.07,0.52,1.97,-0.73,-1.15,1.08,-1.14,0.91,0.23,,-0.56,0.93,-0.17,-4.86
-0.28,-0.86,-0.61,-0.42,-1.46,-1.93,-0.55,-0.92,-2.0,-1.69,-1.06,-0.57,-0.76,-1.86,-1.46,-1.42,-0.78,-2.03,-0.88,-0.52,-0.92,-0.7,-0.64,-1.68,-1.62,-1.73,-1.35,-1.22,-0.79,-0.74,0.03,-1.22,-1.47,-1.04,0.68,-0.02,-0.22,-0.14,-1.27,-0.92,-0.73,-0.99,-0.49,-0.57,-0.02,-0.64,-1.18,-1.06,-0.97,-0.8,-1.55,-0.92,-0.34,-1.54,-1.01,-1.51,-1.02,-0.53,-1.27,-1.83,-1.62,0.03,-0.44,-1.15,-1.34,-0.61,-1.05,-1.08,-1.03,-1.12,-1.79,-0.92,-0.48,-1.53,-1.32,-0.36,-0.47,-0.15,-1.15,-0.38,-0.8,-1.7,-1.71,-1.19,-0.21,-0.84,-0.2,-0.24,-1.7,-0.24,-1.41,-0.2,-1.4,0.49,-1.33,-0.65,0.01,-1.31,-0.71,-0.95,-0.7,-0.64,-0.76,,-0.36,-1.84,-1.69
-0.69,0.27,-0.98,0.28,1.35,0.17,0.85,0.29,0.7,-2.06,-1.5,0.52,-2.72,1.72,0.72,-0.41,-2.12,0.3,0.76,0.61,1.35,-0.78,-0.53,0.62,0.01,-2.64,-1.12,-0.42,-0.26,0.03,1.2,0.95,-1.49,0.01,1.75,-0.38,0.86,0.39,-1.49,-1.05,-0.42,0.89,0.87,-1.15,0.61,0.29,-0.08,0.09,0.19,-0.41,-0.11,-0.41,-0.03,-2.4,-1.35,-0.48,-2.45,1.9,-0.02,-1.22,0.61,-0.22,0.91,-1.22,-0.94,-0.62,-1.06,-0.58,0.21,0.56,-0.55,-3.06,0.06,-0.9,-0.99,0.26,0.48,-2.02,-0.46,1.49,-1.14,-2.48,0.8,0.19,-0.05,-0.13,0.32,-0.16,0.17,1.43,-0.61,1.68,1.11,0.96,-0.4,-0.01,-0.98,-0.49,1.15,0.61,-0.92,-1.07,-2.06,-1.29,,0.03,-0.49
-1.75,-0.81,0.32,-4.1,-0.19,-0.26,0.26,-1.18,1.5,-0.28,-1.65,-1.06,-2.74,1.04,-1.63,-1.41,0.65,0.83,-0.63,-1.95,-2.19,-0.53,0.67,1.98,-0.82,-1.17,-0.41,0.72,0.36,0.43,-0.18,-0.17,1.83,0.37,0.84,-2.96,-1.03,-1.74,0.49,-1.34,0.02,1.52,-1.08,-0.32,-0.47,0.19,-0.35,-1.15,0.49,-1.92,0.64,-0.61,-3.21,-0.12,-1.04,-1.83,0.87,0.05,-0.02,-0.63,0.23,-3.27,-1.38,0.29,-4.52,-0.95,1.18,2.04,-0.93,0.68,-1.65,-1.43,-1.28,-0.71,-1.12,0.11,-0.83,-1.63,2.35,-0.24,-1.91,-1.06,2.16,1.08,0.55,0.03,-1.29,-3.27,-1.47,-0.04,2.41,0.97,-2.1,-0.99,-0.21,-4.1,-0.64,-0.59,-0.48,-1.21,-1.19,-1.4,-0.9,0.04,-1.34,,2.3
-0.97,-1.71,1.35,-2.99,0.57,-0.1,0.92,-0.01,-2.02,0.25,0.68,-0.03,-1.4,0.86,-1.13,-1.85,-0.06,0.85,1.35,1.03,-0.42,-0.97,0.41,0.7,-1.85,-3.23,-0.3,1.7,1.05,0.03,-0.18,0.98,-1.44,1.96,-7.58,0.82,-1.14,0.69,-3.97,-0.9,0.76,-0.58,1.78,-0.57,-3.72,0.4,-1.28,0.62,1.91,-0.73,1.62,0.38,-3.65,2.75,1.9,1.9,0.74,-0.61,-0.71,1.51,0.46,-1.29,2.09,0.39,1.94,-0.89,1.05,-2.44,0.16,1.69,-1.48,-0.45,-0.63,2.61,0.52,1.9,-0.19,-0.14,0.25,2.04,-0.5,-0.91,-0.65,-1.34,0.31,-1.93,-1.3,1.03,0.96,2.41,1.19,0.86,-0.6,0.24,-0.22,1.08,-1.61,-0.91,2.07,-3.59,-1.02,-1.85,3.35,-1.03,-1.48,-4.5,
